delta_e,lam,detect
0.028186,2.0,0.99
0.028186,2.5,0.97
0.028186,3.0,0.91
0.028186,3.5,0.85
0.028186,4.0,0.73
0.028186,4.5,0.65
0.028186,5.0,0.5
0.028186,5.5,0.4
0.028186,6.0,0.31
0.028186,6.5,0.23
0.028186,7.0,0.19
0.028186,7.5,0.1
0.028186,8.0,0.07
0.028186,8.5,0.06
0.028186,9.0,0.04
0.028186,9.5,0.03
0.028186,10.0,0.02
0.028186,10.5,0.01
0.028186,11.0,0.0
0.028186,11.5,0.0
0.028186,12.0,0.0
0.028186,12.5,0.0
0.028186,13.0,0.0
0.028186,13.5,0.0
0.028186,14.0,0.0
0.028186,14.5,0.0
0.028186,15.0,0.0
0.028186,15.5,0.0
0.028186,16.0,0.0
0.028186,16.5,0.0
0.028186,17.0,0.0
0.028186,17.5,0.0
0.028186,18.0,0.0
0.028186,18.5,0.0
0.028186,19.0,0.0
0.028186,19.5,0.0
0.028186,20.0,0.0
0.028186,20.5,0.0
0.028186,21.0,0.0
0.028186,21.5,0.0
0.028186,22.0,0.0
0.028186,22.5,0.0
0.028186,23.0,0.0
0.028186,23.5,0.0
0.028186,24.0,0.0
0.028186,24.5,0.0
0.028186,25.0,0.0
0.028186,25.5,0.0
0.028186,26.0,0.0
0.028186,26.5,0.0
0.028186,27.0,0.0
0.028186,27.5,0.0
0.028186,28.0,0.0
0.028186,28.5,0.0
0.028186,29.0,0.0
0.028186,29.5,0.0
0.028186,30.0,0.0
0.028186,30.5,0.0
0.028186,31.0,0.0
0.028186,31.5,0.0
0.028186,32.0,0.0
0.028186,32.5,0.0
0.028186,33.0,0.0
0.028186,33.5,0.0
0.028186,34.0,0.0
0.028186,34.5,0.0
0.028186,35.0,0.0
0.028186,35.5,0.0
0.028186,36.0,0.0
0.028186,36.5,0.0
0.028186,37.0,0.0
0.028186,37.5,0.0
0.028186,38.0,0.0
0.028186,38.5,0.0
0.028186,39.0,0.0
0.028186,39.5,0.0
0.028186,40.0,0.0
0.028186,40.5,0.0
0.028186,41.0,0.0
0.028186,41.5,0.0
0.028186,42.0,0.0
0.028186,42.5,0.0
0.028186,43.0,0.0
0.028186,43.5,0.0
0.028186,44.0,0.0
0.028186,44.5,0.0
0.028186,45.0,0.0
0.028186,45.5,0.0
0.028186,46.0,0.0
0.028186,46.5,0.0
0.028186,47.0,0.0
0.028186,47.5,0.0
0.028186,48.0,0.0
0.028186,48.5,0.0
0.028186,49.0,0.0
0.028186,49.5,0.0
0.028186,50.0,0.0
0.028186,50.5,0.0
0.028186,51.0,0.0
0.028186,51.5,0.0
0.028186,52.0,0.0
0.028186,52.5,0.0
0.028186,53.0,0.0
0.028186,53.5,0.0
0.028186,54.0,0.0
0.028186,54.5,0.0
0.028186,55.0,0.0
0.028186,55.5,0.0
0.028186,56.0,0.0
0.028186,56.5,0.0
0.028186,57.0,0.0
0.028186,57.5,0.0
0.028186,58.0,0.0
0.028186,58.5,0.0
0.028186,59.0,0.0
0.028186,59.5,0.0
0.028186,60.0,0.0
0.085449,2.0,1.0
0.085449,2.5,1.0
0.085449,3.0,1.0
0.085449,3.5,1.0
0.085449,4.0,1.0
0.085449,4.5,1.0
0.085449,5.0,0.99
0.085449,5.5,0.98
0.085449,6.0,0.98
0.085449,6.5,0.98
0.085449,7.0,0.97
0.085449,7.5,0.97
0.085449,8.0,0.96
0.085449,8.5,0.95
0.085449,9.0,0.95
0.085449,9.5,0.94
0.085449,10.0,0.92
0.085449,10.5,0.87
0.085449,11.0,0.86
0.085449,11.5,0.84
0.085449,12.0,0.82
0.085449,12.5,0.77
0.085449,13.0,0.75
0.085449,13.5,0.7
0.085449,14.0,0.68
0.085449,14.5,0.66
0.085449,15.0,0.61
0.085449,15.5,0.57
0.085449,16.0,0.53
0.085449,16.5,0.5
0.085449,17.0,0.48
0.085449,17.5,0.41
0.085449,18.0,0.36
0.085449,18.5,0.34
0.085449,19.0,0.34
0.085449,19.5,0.34
0.085449,20.0,0.33
0.085449,20.5,0.3
0.085449,21.0,0.26
0.085449,21.5,0.24
0.085449,22.0,0.21
0.085449,22.5,0.2
0.085449,23.0,0.19
0.085449,23.5,0.17
0.085449,24.0,0.16
0.085449,24.5,0.16
0.085449,25.0,0.13
0.085449,25.5,0.11
0.085449,26.0,0.1
0.085449,26.5,0.09
0.085449,27.0,0.09
0.085449,27.5,0.09
0.085449,28.0,0.08
0.085449,28.5,0.07
0.085449,29.0,0.06
0.085449,29.5,0.06
0.085449,30.0,0.05
0.085449,30.5,0.03
0.085449,31.0,0.03
0.085449,31.5,0.03
0.085449,32.0,0.03
0.085449,32.5,0.03
0.085449,33.0,0.01
0.085449,33.5,0.0
0.085449,34.0,0.0
0.085449,34.5,0.0
0.085449,35.0,0.0
0.085449,35.5,0.0
0.085449,36.0,0.0
0.085449,36.5,0.0
0.085449,37.0,0.0
0.085449,37.5,0.0
0.085449,38.0,0.0
0.085449,38.5,0.0
0.085449,39.0,0.0
0.085449,39.5,0.0
0.085449,40.0,0.0
0.085449,40.5,0.0
0.085449,41.0,0.0
0.085449,41.5,0.0
0.085449,42.0,0.0
0.085449,42.5,0.0
0.085449,43.0,0.0
0.085449,43.5,0.0
0.085449,44.0,0.0
0.085449,44.5,0.0
0.085449,45.0,0.0
0.085449,45.5,0.0
0.085449,46.0,0.0
0.085449,46.5,0.0
0.085449,47.0,0.0
0.085449,47.5,0.0
0.085449,48.0,0.0
0.085449,48.5,0.0
0.085449,49.0,0.0
0.085449,49.5,0.0
0.085449,50.0,0.0
0.085449,50.5,0.0
0.085449,51.0,0.0
0.085449,51.5,0.0
0.085449,52.0,0.0
0.085449,52.5,0.0
0.085449,53.0,0.0
0.085449,53.5,0.0
0.085449,54.0,0.0
0.085449,54.5,0.0
0.085449,55.0,0.0
0.085449,55.5,0.0
0.085449,56.0,0.0
0.085449,56.5,0.0
0.085449,57.0,0.0
0.085449,57.5,0.0
0.085449,58.0,0.0
0.085449,58.5,0.0
0.085449,59.0,0.0
0.085449,59.5,0.0
0.085449,60.0,0.0
0.140949,2.0,1.0
0.140949,2.5,1.0
0.140949,3.0,1.0
0.140949,3.5,1.0
0.140949,4.0,1.0
0.140949,4.5,1.0
0.140949,5.0,1.0
0.140949,5.5,1.0
0.140949,6.0,1.0
0.140949,6.5,1.0
0.140949,7.0,1.0
0.140949,7.5,1.0
0.140949,8.0,1.0
0.140949,8.5,1.0
0.140949,9.0,1.0
0.140949,9.5,1.0
0.140949,10.0,1.0
0.140949,10.5,1.0
0.140949,11.0,1.0
0.140949,11.5,0.99
0.140949,12.0,0.99
0.140949,12.5,0.99
0.140949,13.0,0.99
0.140949,13.5,0.99
0.140949,14.0,0.98
0.140949,14.5,0.98
0.140949,15.0,0.97
0.140949,15.5,0.96
0.140949,16.0,0.96
0.140949,16.5,0.96
0.140949,17.0,0.96
0.140949,17.5,0.95
0.140949,18.0,0.95
0.140949,18.5,0.94
0.140949,19.0,0.92
0.140949,19.5,0.86
0.140949,20.0,0.86
0.140949,20.5,0.86
0.140949,21.0,0.85
0.140949,21.5,0.84
0.140949,22.0,0.83
0.140949,22.5,0.81
0.140949,23.0,0.81
0.140949,23.5,0.8
0.140949,24.0,0.77
0.140949,24.5,0.76
0.140949,25.0,0.75
0.140949,25.5,0.73
0.140949,26.0,0.67
0.140949,26.5,0.63
0.140949,27.0,0.61
0.140949,27.5,0.61
0.140949,28.0,0.58
0.140949,28.5,0.55
0.140949,29.0,0.52
0.140949,29.5,0.45
0.140949,30.0,0.45
0.140949,30.5,0.4
0.140949,31.0,0.37
0.140949,31.5,0.32
0.140949,32.0,0.3
0.140949,32.5,0.29
0.140949,33.0,0.28
0.140949,33.5,0.28
0.140949,34.0,0.24
0.140949,34.5,0.22
0.140949,35.0,0.2
0.140949,35.5,0.19
0.140949,36.0,0.17
0.140949,36.5,0.15
0.140949,37.0,0.15
0.140949,37.5,0.15
0.140949,38.0,0.14
0.140949,38.5,0.11
0.140949,39.0,0.11
0.140949,39.5,0.1
0.140949,40.0,0.1
0.140949,40.5,0.07
0.140949,41.0,0.06
0.140949,41.5,0.05
0.140949,42.0,0.04
0.140949,42.5,0.04
0.140949,43.0,0.04
0.140949,43.5,0.03
0.140949,44.0,0.03
0.140949,44.5,0.03
0.140949,45.0,0.03
0.140949,45.5,0.02
0.140949,46.0,0.02
0.140949,46.5,0.02
0.140949,47.0,0.02
0.140949,47.5,0.02
0.140949,48.0,0.02
0.140949,48.5,0.0
0.140949,49.0,0.0
0.140949,49.5,0.0
0.140949,50.0,0.0
0.140949,50.5,0.0
0.140949,51.0,0.0
0.140949,51.5,0.0
0.140949,52.0,0.0
0.140949,52.5,0.0
0.140949,53.0,0.0
0.140949,53.5,0.0
0.140949,54.0,0.0
0.140949,54.5,0.0
0.140949,55.0,0.0
0.140949,55.5,0.0
0.140949,56.0,0.0
0.140949,56.5,0.0
0.140949,57.0,0.0
0.140949,57.5,0.0
0.140949,58.0,0.0
0.140949,58.5,0.0
0.140949,59.0,0.0
0.140949,59.5,0.0
0.140949,60.0,0.0
0.193621,2.0,1.0
0.193621,2.5,1.0
0.193621,3.0,1.0
0.193621,3.5,1.0
0.193621,4.0,1.0
0.193621,4.5,1.0
0.193621,5.0,1.0
0.193621,5.5,1.0
0.193621,6.0,1.0
0.193621,6.5,1.0
0.193621,7.0,1.0
0.193621,7.5,1.0
0.193621,8.0,1.0
0.193621,8.5,1.0
0.193621,9.0,1.0
0.193621,9.5,1.0
0.193621,10.0,1.0
0.193621,10.5,1.0
0.193621,11.0,1.0
0.193621,11.5,1.0
0.193621,12.0,1.0
0.193621,12.5,1.0
0.193621,13.0,1.0
0.193621,13.5,1.0
0.193621,14.0,1.0
0.193621,14.5,1.0
0.193621,15.0,1.0
0.193621,15.5,1.0
0.193621,16.0,1.0
0.193621,16.5,1.0
0.193621,17.0,1.0
0.193621,17.5,1.0
0.193621,18.0,1.0
0.193621,18.5,1.0
0.193621,19.0,0.99
0.193621,19.5,0.99
0.193621,20.0,0.98
0.193621,20.5,0.98
0.193621,21.0,0.98
0.193621,21.5,0.96
0.193621,22.0,0.95
0.193621,22.5,0.94
0.193621,23.0,0.94
0.193621,23.5,0.92
0.193621,24.0,0.92
0.193621,24.5,0.91
0.193621,25.0,0.9
0.193621,25.5,0.89
0.193621,26.0,0.88
0.193621,26.5,0.85
0.193621,27.0,0.83
0.193621,27.5,0.82
0.193621,28.0,0.81
0.193621,28.5,0.81
0.193621,29.0,0.79
0.193621,29.5,0.75
0.193621,30.0,0.71
0.193621,30.5,0.66
0.193621,31.0,0.61
0.193621,31.5,0.59
0.193621,32.0,0.55
0.193621,32.5,0.54
0.193621,33.0,0.53
0.193621,33.5,0.51
0.193621,34.0,0.44
0.193621,34.5,0.41
0.193621,35.0,0.37
0.193621,35.5,0.34
0.193621,36.0,0.3
0.193621,36.5,0.26
0.193621,37.0,0.24
0.193621,37.5,0.22
0.193621,38.0,0.19
0.193621,38.5,0.17
0.193621,39.0,0.15
0.193621,39.5,0.13
0.193621,40.0,0.12
0.193621,40.5,0.12
0.193621,41.0,0.11
0.193621,41.5,0.11
0.193621,42.0,0.09
0.193621,42.5,0.09
0.193621,43.0,0.09
0.193621,43.5,0.07
0.193621,44.0,0.07
0.193621,44.5,0.06
0.193621,45.0,0.06
0.193621,45.5,0.06
0.193621,46.0,0.05
0.193621,46.5,0.04
0.193621,47.0,0.03
0.193621,47.5,0.02
0.193621,48.0,0.01
0.193621,48.5,0.01
0.193621,49.0,0.01
0.193621,49.5,0.01
0.193621,50.0,0.01
0.193621,50.5,0.0
0.193621,51.0,0.0
0.193621,51.5,0.0
0.193621,52.0,0.0
0.193621,52.5,0.0
0.193621,53.0,0.0
0.193621,53.5,0.0
0.193621,54.0,0.0
0.193621,54.5,0.0
0.193621,55.0,0.0
0.193621,55.5,0.0
0.193621,56.0,0.0
0.193621,56.5,0.0
0.193621,57.0,0.0
0.193621,57.5,0.0
0.193621,58.0,0.0
0.193621,58.5,0.0
0.193621,59.0,0.0
0.193621,59.5,0.0
0.193621,60.0,0.0
0.242568,2.0,1.0
0.242568,2.5,1.0
0.242568,3.0,1.0
0.242568,3.5,1.0
0.242568,4.0,1.0
0.242568,4.5,1.0
0.242568,5.0,1.0
0.242568,5.5,1.0
0.242568,6.0,1.0
0.242568,6.5,1.0
0.242568,7.0,1.0
0.242568,7.5,1.0
0.242568,8.0,1.0
0.242568,8.5,1.0
0.242568,9.0,1.0
0.242568,9.5,1.0
0.242568,10.0,1.0
0.242568,10.5,1.0
0.242568,11.0,1.0
0.242568,11.5,1.0
0.242568,12.0,1.0
0.242568,12.5,1.0
0.242568,13.0,1.0
0.242568,13.5,1.0
0.242568,14.0,1.0
0.242568,14.5,1.0
0.242568,15.0,1.0
0.242568,15.5,1.0
0.242568,16.0,1.0
0.242568,16.5,1.0
0.242568,17.0,1.0
0.242568,17.5,1.0
0.242568,18.0,1.0
0.242568,18.5,1.0
0.242568,19.0,1.0
0.242568,19.5,0.99
0.242568,20.0,0.97
0.242568,20.5,0.97
0.242568,21.0,0.97
0.242568,21.5,0.97
0.242568,22.0,0.96
0.242568,22.5,0.95
0.242568,23.0,0.94
0.242568,23.5,0.94
0.242568,24.0,0.94
0.242568,24.5,0.91
0.242568,25.0,0.9
0.242568,25.5,0.9
0.242568,26.0,0.87
0.242568,26.5,0.83
0.242568,27.0,0.8
0.242568,27.5,0.77
0.242568,28.0,0.7
0.242568,28.5,0.68
0.242568,29.0,0.66
0.242568,29.5,0.64
0.242568,30.0,0.63
0.242568,30.5,0.61
0.242568,31.0,0.58
0.242568,31.5,0.57
0.242568,32.0,0.53
0.242568,32.5,0.49
0.242568,33.0,0.47
0.242568,33.5,0.45
0.242568,34.0,0.45
0.242568,34.5,0.39
0.242568,35.0,0.35
0.242568,35.5,0.35
0.242568,36.0,0.33
0.242568,36.5,0.26
0.242568,37.0,0.25
0.242568,37.5,0.2
0.242568,38.0,0.18
0.242568,38.5,0.16
0.242568,39.0,0.13
0.242568,39.5,0.11
0.242568,40.0,0.11
0.242568,40.5,0.11
0.242568,41.0,0.11
0.242568,41.5,0.1
0.242568,42.0,0.08
0.242568,42.5,0.08
0.242568,43.0,0.06
0.242568,43.5,0.06
0.242568,44.0,0.03
0.242568,44.5,0.03
0.242568,45.0,0.03
0.242568,45.5,0.03
0.242568,46.0,0.02
0.242568,46.5,0.02
0.242568,47.0,0.02
0.242568,47.5,0.02
0.242568,48.0,0.01
0.242568,48.5,0.01
0.242568,49.0,0.01
0.242568,49.5,0.01
0.242568,50.0,0.01
0.242568,50.5,0.01
0.242568,51.0,0.01
0.242568,51.5,0.01
0.242568,52.0,0.01
0.242568,52.5,0.0
0.242568,53.0,0.0
0.242568,53.5,0.0
0.242568,54.0,0.0
0.242568,54.5,0.0
0.242568,55.0,0.0
0.242568,55.5,0.0
0.242568,56.0,0.0
0.242568,56.5,0.0
0.242568,57.0,0.0
0.242568,57.5,0.0
0.242568,58.0,0.0
0.242568,58.5,0.0
0.242568,59.0,0.0
0.242568,59.5,0.0
0.242568,60.0,0.0
0.287108,2.0,1.0
0.287108,2.5,1.0
0.287108,3.0,1.0
0.287108,3.5,1.0
0.287108,4.0,1.0
0.287108,4.5,1.0
0.287108,5.0,1.0
0.287108,5.5,1.0
0.287108,6.0,1.0
0.287108,6.5,1.0
0.287108,7.0,1.0
0.287108,7.5,1.0
0.287108,8.0,1.0
0.287108,8.5,1.0
0.287108,9.0,1.0
0.287108,9.5,1.0
0.287108,10.0,1.0
0.287108,10.5,1.0
0.287108,11.0,1.0
0.287108,11.5,1.0
0.287108,12.0,1.0
0.287108,12.5,1.0
0.287108,13.0,1.0
0.287108,13.5,1.0
0.287108,14.0,1.0
0.287108,14.5,1.0
0.287108,15.0,1.0
0.287108,15.5,1.0
0.287108,16.0,1.0
0.287108,16.5,1.0
0.287108,17.0,1.0
0.287108,17.5,1.0
0.287108,18.0,1.0
0.287108,18.5,1.0
0.287108,19.0,0.99
0.287108,19.5,0.99
0.287108,20.0,0.99
0.287108,20.5,0.99
0.287108,21.0,0.98
0.287108,21.5,0.98
0.287108,22.0,0.97
0.287108,22.5,0.96
0.287108,23.0,0.95
0.287108,23.5,0.94
0.287108,24.0,0.93
0.287108,24.5,0.91
0.287108,25.0,0.89
0.287108,25.5,0.87
0.287108,26.0,0.85
0.287108,26.5,0.83
0.287108,27.0,0.82
0.287108,27.5,0.79
0.287108,28.0,0.77
0.287108,28.5,0.76
0.287108,29.0,0.71
0.287108,29.5,0.7
0.287108,30.0,0.65
0.287108,30.5,0.61
0.287108,31.0,0.55
0.287108,31.5,0.47
0.287108,32.0,0.43
0.287108,32.5,0.41
0.287108,33.0,0.38
0.287108,33.5,0.35
0.287108,34.0,0.32
0.287108,34.5,0.31
0.287108,35.0,0.27
0.287108,35.5,0.24
0.287108,36.0,0.21
0.287108,36.5,0.17
0.287108,37.0,0.17
0.287108,37.5,0.15
0.287108,38.0,0.1
0.287108,38.5,0.08
0.287108,39.0,0.08
0.287108,39.5,0.06
0.287108,40.0,0.05
0.287108,40.5,0.05
0.287108,41.0,0.05
0.287108,41.5,0.04
0.287108,42.0,0.04
0.287108,42.5,0.04
0.287108,43.0,0.04
0.287108,43.5,0.03
0.287108,44.0,0.03
0.287108,44.5,0.02
0.287108,45.0,0.02
0.287108,45.5,0.02
0.287108,46.0,0.02
0.287108,46.5,0.02
0.287108,47.0,0.02
0.287108,47.5,0.01
0.287108,48.0,0.01
0.287108,48.5,0.01
0.287108,49.0,0.0
0.287108,49.5,0.0
0.287108,50.0,0.0
0.287108,50.5,0.0
0.287108,51.0,0.0
0.287108,51.5,0.0
0.287108,52.0,0.0
0.287108,52.5,0.0
0.287108,53.0,0.0
0.287108,53.5,0.0
0.287108,54.0,0.0
0.287108,54.5,0.0
0.287108,55.0,0.0
0.287108,55.5,0.0
0.287108,56.0,0.0
0.287108,56.5,0.0
0.287108,57.0,0.0
0.287108,57.5,0.0
0.287108,58.0,0.0
0.287108,58.5,0.0
0.287108,59.0,0.0
0.287108,59.5,0.0
0.287108,60.0,0.0
0.326793,2.0,1.0
0.326793,2.5,1.0
0.326793,3.0,1.0
0.326793,3.5,1.0
0.326793,4.0,1.0
0.326793,4.5,1.0
0.326793,5.0,1.0
0.326793,5.5,1.0
0.326793,6.0,1.0
0.326793,6.5,1.0
0.326793,7.0,1.0
0.326793,7.5,1.0
0.326793,8.0,1.0
0.326793,8.5,1.0
0.326793,9.0,1.0
0.326793,9.5,1.0
0.326793,10.0,1.0
0.326793,10.5,1.0
0.326793,11.0,1.0
0.326793,11.5,1.0
0.326793,12.0,1.0
0.326793,12.5,1.0
0.326793,13.0,1.0
0.326793,13.5,1.0
0.326793,14.0,1.0
0.326793,14.5,1.0
0.326793,15.0,1.0
0.326793,15.5,1.0
0.326793,16.0,1.0
0.326793,16.5,1.0
0.326793,17.0,1.0
0.326793,17.5,1.0
0.326793,18.0,0.99
0.326793,18.5,0.99
0.326793,19.0,0.99
0.326793,19.5,0.99
0.326793,20.0,0.99
0.326793,20.5,0.98
0.326793,21.0,0.98
0.326793,21.5,0.98
0.326793,22.0,0.97
0.326793,22.5,0.97
0.326793,23.0,0.97
0.326793,23.5,0.97
0.326793,24.0,0.95
0.326793,24.5,0.92
0.326793,25.0,0.92
0.326793,25.5,0.91
0.326793,26.0,0.88
0.326793,26.5,0.86
0.326793,27.0,0.82
0.326793,27.5,0.81
0.326793,28.0,0.78
0.326793,28.5,0.76
0.326793,29.0,0.75
0.326793,29.5,0.72
0.326793,30.0,0.66
0.326793,30.5,0.6
0.326793,31.0,0.57
0.326793,31.5,0.49
0.326793,32.0,0.43
0.326793,32.5,0.4
0.326793,33.0,0.34
0.326793,33.5,0.27
0.326793,34.0,0.25
0.326793,34.5,0.21
0.326793,35.0,0.19
0.326793,35.5,0.16
0.326793,36.0,0.13
0.326793,36.5,0.12
0.326793,37.0,0.1
0.326793,37.5,0.09
0.326793,38.0,0.09
0.326793,38.5,0.08
0.326793,39.0,0.06
0.326793,39.5,0.02
0.326793,40.0,0.02
0.326793,40.5,0.01
0.326793,41.0,0.01
0.326793,41.5,0.0
0.326793,42.0,0.0
0.326793,42.5,0.0
0.326793,43.0,0.0
0.326793,43.5,0.0
0.326793,44.0,0.0
0.326793,44.5,0.0
0.326793,45.0,0.0
0.326793,45.5,0.0
0.326793,46.0,0.0
0.326793,46.5,0.0
0.326793,47.0,0.0
0.326793,47.5,0.0
0.326793,48.0,0.0
0.326793,48.5,0.0
0.326793,49.0,0.0
0.326793,49.5,0.0
0.326793,50.0,0.0
0.326793,50.5,0.0
0.326793,51.0,0.0
0.326793,51.5,0.0
0.326793,52.0,0.0
0.326793,52.5,0.0
0.326793,53.0,0.0
0.326793,53.5,0.0
0.326793,54.0,0.0
0.326793,54.5,0.0
0.326793,55.0,0.0
0.326793,55.5,0.0
0.326793,56.0,0.0
0.326793,56.5,0.0
0.326793,57.0,0.0
0.326793,57.5,0.0
0.326793,58.0,0.0
0.326793,58.5,0.0
0.326793,59.0,0.0
0.326793,59.5,0.0
0.326793,60.0,0.0
0.361418,2.0,1.0
0.361418,2.5,1.0
0.361418,3.0,1.0
0.361418,3.5,1.0
0.361418,4.0,1.0
0.361418,4.5,1.0
0.361418,5.0,1.0
0.361418,5.5,1.0
0.361418,6.0,1.0
0.361418,6.5,1.0
0.361418,7.0,1.0
0.361418,7.5,1.0
0.361418,8.0,1.0
0.361418,8.5,1.0
0.361418,9.0,1.0
0.361418,9.5,1.0
0.361418,10.0,1.0
0.361418,10.5,1.0
0.361418,11.0,1.0
0.361418,11.5,1.0
0.361418,12.0,1.0
0.361418,12.5,1.0
0.361418,13.0,1.0
0.361418,13.5,1.0
0.361418,14.0,1.0
0.361418,14.5,1.0
0.361418,15.0,1.0
0.361418,15.5,1.0
0.361418,16.0,1.0
0.361418,16.5,1.0
0.361418,17.0,1.0
0.361418,17.5,1.0
0.361418,18.0,1.0
0.361418,18.5,1.0
0.361418,19.0,1.0
0.361418,19.5,1.0
0.361418,20.0,1.0
0.361418,20.5,1.0
0.361418,21.0,1.0
0.361418,21.5,0.99
0.361418,22.0,0.99
0.361418,22.5,0.96
0.361418,23.0,0.94
0.361418,23.5,0.93
0.361418,24.0,0.92
0.361418,24.5,0.88
0.361418,25.0,0.86
0.361418,25.5,0.82
0.361418,26.0,0.81
0.361418,26.5,0.77
0.361418,27.0,0.7
0.361418,27.5,0.62
0.361418,28.0,0.57
0.361418,28.5,0.54
0.361418,29.0,0.5
0.361418,29.5,0.49
0.361418,30.0,0.46
0.361418,30.5,0.35
0.361418,31.0,0.32
0.361418,31.5,0.26
0.361418,32.0,0.26
0.361418,32.5,0.26
0.361418,33.0,0.22
0.361418,33.5,0.21
0.361418,34.0,0.18
0.361418,34.5,0.17
0.361418,35.0,0.15
0.361418,35.5,0.13
0.361418,36.0,0.11
0.361418,36.5,0.09
0.361418,37.0,0.07
0.361418,37.5,0.05
0.361418,38.0,0.04
0.361418,38.5,0.03
0.361418,39.0,0.03
0.361418,39.5,0.03
0.361418,40.0,0.02
0.361418,40.5,0.02
0.361418,41.0,0.02
0.361418,41.5,0.02
0.361418,42.0,0.01
0.361418,42.5,0.01
0.361418,43.0,0.01
0.361418,43.5,0.01
0.361418,44.0,0.01
0.361418,44.5,0.01
0.361418,45.0,0.0
0.361418,45.5,0.0
0.361418,46.0,0.0
0.361418,46.5,0.0
0.361418,47.0,0.0
0.361418,47.5,0.0
0.361418,48.0,0.0
0.361418,48.5,0.0
0.361418,49.0,0.0
0.361418,49.5,0.0
0.361418,50.0,0.0
0.361418,50.5,0.0
0.361418,51.0,0.0
0.361418,51.5,0.0
0.361418,52.0,0.0
0.361418,52.5,0.0
0.361418,53.0,0.0
0.361418,53.5,0.0
0.361418,54.0,0.0
0.361418,54.5,0.0
0.361418,55.0,0.0
0.361418,55.5,0.0
0.361418,56.0,0.0
0.361418,56.5,0.0
0.361418,57.0,0.0
0.361418,57.5,0.0
0.361418,58.0,0.0
0.361418,58.5,0.0
0.361418,59.0,0.0
0.361418,59.5,0.0
0.361418,60.0,0.0
0.390998,2.0,1.0
0.390998,2.5,1.0
0.390998,3.0,1.0
0.390998,3.5,1.0
0.390998,4.0,1.0
0.390998,4.5,1.0
0.390998,5.0,1.0
0.390998,5.5,1.0
0.390998,6.0,1.0
0.390998,6.5,1.0
0.390998,7.0,1.0
0.390998,7.5,1.0
0.390998,8.0,1.0
0.390998,8.5,1.0
0.390998,9.0,1.0
0.390998,9.5,1.0
0.390998,10.0,1.0
0.390998,10.5,1.0
0.390998,11.0,1.0
0.390998,11.5,1.0
0.390998,12.0,1.0
0.390998,12.5,1.0
0.390998,13.0,1.0
0.390998,13.5,1.0
0.390998,14.0,1.0
0.390998,14.5,1.0
0.390998,15.0,1.0
0.390998,15.5,1.0
0.390998,16.0,1.0
0.390998,16.5,1.0
0.390998,17.0,1.0
0.390998,17.5,1.0
0.390998,18.0,1.0
0.390998,18.5,1.0
0.390998,19.0,1.0
0.390998,19.5,1.0
0.390998,20.0,1.0
0.390998,20.5,1.0
0.390998,21.0,0.99
0.390998,21.5,0.97
0.390998,22.0,0.94
0.390998,22.5,0.9
0.390998,23.0,0.9
0.390998,23.5,0.9
0.390998,24.0,0.86
0.390998,24.5,0.85
0.390998,25.0,0.82
0.390998,25.5,0.79
0.390998,26.0,0.75
0.390998,26.5,0.72
0.390998,27.0,0.69
0.390998,27.5,0.62
0.390998,28.0,0.51
0.390998,28.5,0.46
0.390998,29.0,0.44
0.390998,29.5,0.36
0.390998,30.0,0.31
0.390998,30.5,0.29
0.390998,31.0,0.26
0.390998,31.5,0.2
0.390998,32.0,0.18
0.390998,32.5,0.17
0.390998,33.0,0.16
0.390998,33.5,0.11
0.390998,34.0,0.1
0.390998,34.5,0.09
0.390998,35.0,0.05
0.390998,35.5,0.04
0.390998,36.0,0.02
0.390998,36.5,0.02
0.390998,37.0,0.02
0.390998,37.5,0.02
0.390998,38.0,0.01
0.390998,38.5,0.0
0.390998,39.0,0.0
0.390998,39.5,0.0
0.390998,40.0,0.0
0.390998,40.5,0.0
0.390998,41.0,0.0
0.390998,41.5,0.0
0.390998,42.0,0.0
0.390998,42.5,0.0
0.390998,43.0,0.0
0.390998,43.5,0.0
0.390998,44.0,0.0
0.390998,44.5,0.0
0.390998,45.0,0.0
0.390998,45.5,0.0
0.390998,46.0,0.0
0.390998,46.5,0.0
0.390998,47.0,0.0
0.390998,47.5,0.0
0.390998,48.0,0.0
0.390998,48.5,0.0
0.390998,49.0,0.0
0.390998,49.5,0.0
0.390998,50.0,0.0
0.390998,50.5,0.0
0.390998,51.0,0.0
0.390998,51.5,0.0
0.390998,52.0,0.0
0.390998,52.5,0.0
0.390998,53.0,0.0
0.390998,53.5,0.0
0.390998,54.0,0.0
0.390998,54.5,0.0
0.390998,55.0,0.0
0.390998,55.5,0.0
0.390998,56.0,0.0
0.390998,56.5,0.0
0.390998,57.0,0.0
0.390998,57.5,0.0
0.390998,58.0,0.0
0.390998,58.5,0.0
0.390998,59.0,0.0
0.390998,59.5,0.0
0.390998,60.0,0.0
0.415743,2.0,1.0
0.415743,2.5,1.0
0.415743,3.0,1.0
0.415743,3.5,1.0
0.415743,4.0,1.0
0.415743,4.5,1.0
0.415743,5.0,1.0
0.415743,5.5,1.0
0.415743,6.0,1.0
0.415743,6.5,1.0
0.415743,7.0,1.0
0.415743,7.5,1.0
0.415743,8.0,1.0
0.415743,8.5,1.0
0.415743,9.0,1.0
0.415743,9.5,1.0
0.415743,10.0,1.0
0.415743,10.5,1.0
0.415743,11.0,1.0
0.415743,11.5,1.0
0.415743,12.0,1.0
0.415743,12.5,1.0
0.415743,13.0,1.0
0.415743,13.5,1.0
0.415743,14.0,1.0
0.415743,14.5,1.0
0.415743,15.0,1.0
0.415743,15.5,1.0
0.415743,16.0,1.0
0.415743,16.5,1.0
0.415743,17.0,1.0
0.415743,17.5,1.0
0.415743,18.0,0.99
0.415743,18.5,0.97
0.415743,19.0,0.97
0.415743,19.5,0.97
0.415743,20.0,0.94
0.415743,20.5,0.92
0.415743,21.0,0.91
0.415743,21.5,0.88
0.415743,22.0,0.85
0.415743,22.5,0.84
0.415743,23.0,0.83
0.415743,23.5,0.76
0.415743,24.0,0.7
0.415743,24.5,0.69
0.415743,25.0,0.6
0.415743,25.5,0.57
0.415743,26.0,0.51
0.415743,26.5,0.47
0.415743,27.0,0.42
0.415743,27.5,0.36
0.415743,28.0,0.33
0.415743,28.5,0.29
0.415743,29.0,0.25
0.415743,29.5,0.23
0.415743,30.0,0.18
0.415743,30.5,0.14
0.415743,31.0,0.11
0.415743,31.5,0.09
0.415743,32.0,0.08
0.415743,32.5,0.07
0.415743,33.0,0.07
0.415743,33.5,0.06
0.415743,34.0,0.05
0.415743,34.5,0.05
0.415743,35.0,0.05
0.415743,35.5,0.04
0.415743,36.0,0.04
0.415743,36.5,0.03
0.415743,37.0,0.02
0.415743,37.5,0.01
0.415743,38.0,0.01
0.415743,38.5,0.0
0.415743,39.0,0.0
0.415743,39.5,0.0
0.415743,40.0,0.0
0.415743,40.5,0.0
0.415743,41.0,0.0
0.415743,41.5,0.0
0.415743,42.0,0.0
0.415743,42.5,0.0
0.415743,43.0,0.0
0.415743,43.5,0.0
0.415743,44.0,0.0
0.415743,44.5,0.0
0.415743,45.0,0.0
0.415743,45.5,0.0
0.415743,46.0,0.0
0.415743,46.5,0.0
0.415743,47.0,0.0
0.415743,47.5,0.0
0.415743,48.0,0.0
0.415743,48.5,0.0
0.415743,49.0,0.0
0.415743,49.5,0.0
0.415743,50.0,0.0
0.415743,50.5,0.0
0.415743,51.0,0.0
0.415743,51.5,0.0
0.415743,52.0,0.0
0.415743,52.5,0.0
0.415743,53.0,0.0
0.415743,53.5,0.0
0.415743,54.0,0.0
0.415743,54.5,0.0
0.415743,55.0,0.0
0.415743,55.5,0.0
0.415743,56.0,0.0
0.415743,56.5,0.0
0.415743,57.0,0.0
0.415743,57.5,0.0
0.415743,58.0,0.0
0.415743,58.5,0.0
0.415743,59.0,0.0
0.415743,59.5,0.0
0.415743,60.0,0.0
0.436013,2.0,1.0
0.436013,2.5,1.0
0.436013,3.0,1.0
0.436013,3.5,1.0
0.436013,4.0,1.0
0.436013,4.5,1.0
0.436013,5.0,1.0
0.436013,5.5,1.0
0.436013,6.0,1.0
0.436013,6.5,1.0
0.436013,7.0,1.0
0.436013,7.5,1.0
0.436013,8.0,1.0
0.436013,8.5,1.0
0.436013,9.0,1.0
0.436013,9.5,1.0
0.436013,10.0,1.0
0.436013,10.5,1.0
0.436013,11.0,1.0
0.436013,11.5,1.0
0.436013,12.0,1.0
0.436013,12.5,1.0
0.436013,13.0,1.0
0.436013,13.5,1.0
0.436013,14.0,1.0
0.436013,14.5,1.0
0.436013,15.0,1.0
0.436013,15.5,1.0
0.436013,16.0,1.0
0.436013,16.5,1.0
0.436013,17.0,1.0
0.436013,17.5,1.0
0.436013,18.0,0.97
0.436013,18.5,0.94
0.436013,19.0,0.93
0.436013,19.5,0.91
0.436013,20.0,0.91
0.436013,20.5,0.86
0.436013,21.0,0.84
0.436013,21.5,0.8
0.436013,22.0,0.77
0.436013,22.5,0.73
0.436013,23.0,0.67
0.436013,23.5,0.57
0.436013,24.0,0.49
0.436013,24.5,0.46
0.436013,25.0,0.39
0.436013,25.5,0.31
0.436013,26.0,0.28
0.436013,26.5,0.24
0.436013,27.0,0.23
0.436013,27.5,0.2
0.436013,28.0,0.18
0.436013,28.5,0.16
0.436013,29.0,0.12
0.436013,29.5,0.11
0.436013,30.0,0.09
0.436013,30.5,0.07
0.436013,31.0,0.06
0.436013,31.5,0.03
0.436013,32.0,0.03
0.436013,32.5,0.03
0.436013,33.0,0.03
0.436013,33.5,0.03
0.436013,34.0,0.03
0.436013,34.5,0.01
0.436013,35.0,0.01
0.436013,35.5,0.01
0.436013,36.0,0.01
0.436013,36.5,0.01
0.436013,37.0,0.01
0.436013,37.5,0.01
0.436013,38.0,0.01
0.436013,38.5,0.01
0.436013,39.0,0.01
0.436013,39.5,0.01
0.436013,40.0,0.0
0.436013,40.5,0.0
0.436013,41.0,0.0
0.436013,41.5,0.0
0.436013,42.0,0.0
0.436013,42.5,0.0
0.436013,43.0,0.0
0.436013,43.5,0.0
0.436013,44.0,0.0
0.436013,44.5,0.0
0.436013,45.0,0.0
0.436013,45.5,0.0
0.436013,46.0,0.0
0.436013,46.5,0.0
0.436013,47.0,0.0
0.436013,47.5,0.0
0.436013,48.0,0.0
0.436013,48.5,0.0
0.436013,49.0,0.0
0.436013,49.5,0.0
0.436013,50.0,0.0
0.436013,50.5,0.0
0.436013,51.0,0.0
0.436013,51.5,0.0
0.436013,52.0,0.0
0.436013,52.5,0.0
0.436013,53.0,0.0
0.436013,53.5,0.0
0.436013,54.0,0.0
0.436013,54.5,0.0
0.436013,55.0,0.0
0.436013,55.5,0.0
0.436013,56.0,0.0
0.436013,56.5,0.0
0.436013,57.0,0.0
0.436013,57.5,0.0
0.436013,58.0,0.0
0.436013,58.5,0.0
0.436013,59.0,0.0
0.436013,59.5,0.0
0.436013,60.0,0.0
0.452271,2.0,1.0
0.452271,2.5,1.0
0.452271,3.0,1.0
0.452271,3.5,1.0
0.452271,4.0,1.0
0.452271,4.5,1.0
0.452271,5.0,1.0
0.452271,5.5,1.0
0.452271,6.0,1.0
0.452271,6.5,1.0
0.452271,7.0,1.0
0.452271,7.5,1.0
0.452271,8.0,1.0
0.452271,8.5,1.0
0.452271,9.0,1.0
0.452271,9.5,1.0
0.452271,10.0,1.0
0.452271,10.5,1.0
0.452271,11.0,1.0
0.452271,11.5,1.0
0.452271,12.0,1.0
0.452271,12.5,1.0
0.452271,13.0,1.0
0.452271,13.5,1.0
0.452271,14.0,1.0
0.452271,14.5,1.0
0.452271,15.0,1.0
0.452271,15.5,1.0
0.452271,16.0,1.0
0.452271,16.5,0.99
0.452271,17.0,0.97
0.452271,17.5,0.95
0.452271,18.0,0.91
0.452271,18.5,0.9
0.452271,19.0,0.87
0.452271,19.5,0.84
0.452271,20.0,0.77
0.452271,20.5,0.74
0.452271,21.0,0.69
0.452271,21.5,0.64
0.452271,22.0,0.59
0.452271,22.5,0.56
0.452271,23.0,0.48
0.452271,23.5,0.39
0.452271,24.0,0.32
0.452271,24.5,0.27
0.452271,25.0,0.21
0.452271,25.5,0.18
0.452271,26.0,0.14
0.452271,26.5,0.11
0.452271,27.0,0.09
0.452271,27.5,0.09
0.452271,28.0,0.06
0.452271,28.5,0.06
0.452271,29.0,0.03
0.452271,29.5,0.03
0.452271,30.0,0.03
0.452271,30.5,0.01
0.452271,31.0,0.01
0.452271,31.5,0.01
0.452271,32.0,0.01
0.452271,32.5,0.01
0.452271,33.0,0.01
0.452271,33.5,0.01
0.452271,34.0,0.01
0.452271,34.5,0.01
0.452271,35.0,0.01
0.452271,35.5,0.01
0.452271,36.0,0.01
0.452271,36.5,0.01
0.452271,37.0,0.01
0.452271,37.5,0.01
0.452271,38.0,0.0
0.452271,38.5,0.0
0.452271,39.0,0.0
0.452271,39.5,0.0
0.452271,40.0,0.0
0.452271,40.5,0.0
0.452271,41.0,0.0
0.452271,41.5,0.0
0.452271,42.0,0.0
0.452271,42.5,0.0
0.452271,43.0,0.0
0.452271,43.5,0.0
0.452271,44.0,0.0
0.452271,44.5,0.0
0.452271,45.0,0.0
0.452271,45.5,0.0
0.452271,46.0,0.0
0.452271,46.5,0.0
0.452271,47.0,0.0
0.452271,47.5,0.0
0.452271,48.0,0.0
0.452271,48.5,0.0
0.452271,49.0,0.0
0.452271,49.5,0.0
0.452271,50.0,0.0
0.452271,50.5,0.0
0.452271,51.0,0.0
0.452271,51.5,0.0
0.452271,52.0,0.0
0.452271,52.5,0.0
0.452271,53.0,0.0
0.452271,53.5,0.0
0.452271,54.0,0.0
0.452271,54.5,0.0
0.452271,55.0,0.0
0.452271,55.5,0.0
0.452271,56.0,0.0
0.452271,56.5,0.0
0.452271,57.0,0.0
0.452271,57.5,0.0
0.452271,58.0,0.0
0.452271,58.5,0.0
0.452271,59.0,0.0
0.452271,59.5,0.0
0.452271,60.0,0.0
0.46504,2.0,1.0
0.46504,2.5,1.0
0.46504,3.0,1.0
0.46504,3.5,1.0
0.46504,4.0,1.0
0.46504,4.5,1.0
0.46504,5.0,1.0
0.46504,5.5,1.0
0.46504,6.0,1.0
0.46504,6.5,1.0
0.46504,7.0,1.0
0.46504,7.5,1.0
0.46504,8.0,1.0
0.46504,8.5,1.0
0.46504,9.0,1.0
0.46504,9.5,1.0
0.46504,10.0,1.0
0.46504,10.5,1.0
0.46504,11.0,1.0
0.46504,11.5,1.0
0.46504,12.0,1.0
0.46504,12.5,1.0
0.46504,13.0,1.0
0.46504,13.5,1.0
0.46504,14.0,1.0
0.46504,14.5,1.0
0.46504,15.0,0.99
0.46504,15.5,0.99
0.46504,16.0,0.98
0.46504,16.5,0.96
0.46504,17.0,0.94
0.46504,17.5,0.9
0.46504,18.0,0.86
0.46504,18.5,0.85
0.46504,19.0,0.82
0.46504,19.5,0.81
0.46504,20.0,0.78
0.46504,20.5,0.72
0.46504,21.0,0.63
0.46504,21.5,0.53
0.46504,22.0,0.42
0.46504,22.5,0.37
0.46504,23.0,0.32
0.46504,23.5,0.26
0.46504,24.0,0.19
0.46504,24.5,0.16
0.46504,25.0,0.11
0.46504,25.5,0.1
0.46504,26.0,0.08
0.46504,26.5,0.05
0.46504,27.0,0.04
0.46504,27.5,0.03
0.46504,28.0,0.03
0.46504,28.5,0.02
0.46504,29.0,0.02
0.46504,29.5,0.01
0.46504,30.0,0.01
0.46504,30.5,0.01
0.46504,31.0,0.01
0.46504,31.5,0.01
0.46504,32.0,0.01
0.46504,32.5,0.01
0.46504,33.0,0.01
0.46504,33.5,0.01
0.46504,34.0,0.01
0.46504,34.5,0.01
0.46504,35.0,0.01
0.46504,35.5,0.01
0.46504,36.0,0.01
0.46504,36.5,0.01
0.46504,37.0,0.01
0.46504,37.5,0.01
0.46504,38.0,0.0
0.46504,38.5,0.0
0.46504,39.0,0.0
0.46504,39.5,0.0
0.46504,40.0,0.0
0.46504,40.5,0.0
0.46504,41.0,0.0
0.46504,41.5,0.0
0.46504,42.0,0.0
0.46504,42.5,0.0
0.46504,43.0,0.0
0.46504,43.5,0.0
0.46504,44.0,0.0
0.46504,44.5,0.0
0.46504,45.0,0.0
0.46504,45.5,0.0
0.46504,46.0,0.0
0.46504,46.5,0.0
0.46504,47.0,0.0
0.46504,47.5,0.0
0.46504,48.0,0.0
0.46504,48.5,0.0
0.46504,49.0,0.0
0.46504,49.5,0.0
0.46504,50.0,0.0
0.46504,50.5,0.0
0.46504,51.0,0.0
0.46504,51.5,0.0
0.46504,52.0,0.0
0.46504,52.5,0.0
0.46504,53.0,0.0
0.46504,53.5,0.0
0.46504,54.0,0.0
0.46504,54.5,0.0
0.46504,55.0,0.0
0.46504,55.5,0.0
0.46504,56.0,0.0
0.46504,56.5,0.0
0.46504,57.0,0.0
0.46504,57.5,0.0
0.46504,58.0,0.0
0.46504,58.5,0.0
0.46504,59.0,0.0
0.46504,59.5,0.0
0.46504,60.0,0.0
0.47486,2.0,1.0
0.47486,2.5,1.0
0.47486,3.0,1.0
0.47486,3.5,1.0
0.47486,4.0,1.0
0.47486,4.5,1.0
0.47486,5.0,1.0
0.47486,5.5,1.0
0.47486,6.0,1.0
0.47486,6.5,1.0
0.47486,7.0,1.0
0.47486,7.5,1.0
0.47486,8.0,1.0
0.47486,8.5,1.0
0.47486,9.0,1.0
0.47486,9.5,1.0
0.47486,10.0,1.0
0.47486,10.5,1.0
0.47486,11.0,1.0
0.47486,11.5,1.0
0.47486,12.0,1.0
0.47486,12.5,1.0
0.47486,13.0,1.0
0.47486,13.5,1.0
0.47486,14.0,1.0
0.47486,14.5,1.0
0.47486,15.0,0.98
0.47486,15.5,0.98
0.47486,16.0,0.95
0.47486,16.5,0.94
0.47486,17.0,0.92
0.47486,17.5,0.88
0.47486,18.0,0.83
0.47486,18.5,0.82
0.47486,19.0,0.74
0.47486,19.5,0.67
0.47486,20.0,0.62
0.47486,20.5,0.52
0.47486,21.0,0.43
0.47486,21.5,0.31
0.47486,22.0,0.27
0.47486,22.5,0.22
0.47486,23.0,0.18
0.47486,23.5,0.17
0.47486,24.0,0.13
0.47486,24.5,0.08
0.47486,25.0,0.06
0.47486,25.5,0.06
0.47486,26.0,0.04
0.47486,26.5,0.01
0.47486,27.0,0.01
0.47486,27.5,0.01
0.47486,28.0,0.01
0.47486,28.5,0.01
0.47486,29.0,0.01
0.47486,29.5,0.01
0.47486,30.0,0.01
0.47486,30.5,0.01
0.47486,31.0,0.01
0.47486,31.5,0.01
0.47486,32.0,0.01
0.47486,32.5,0.01
0.47486,33.0,0.01
0.47486,33.5,0.01
0.47486,34.0,0.01
0.47486,34.5,0.01
0.47486,35.0,0.01
0.47486,35.5,0.01
0.47486,36.0,0.01
0.47486,36.5,0.01
0.47486,37.0,0.01
0.47486,37.5,0.01
0.47486,38.0,0.0
0.47486,38.5,0.0
0.47486,39.0,0.0
0.47486,39.5,0.0
0.47486,40.0,0.0
0.47486,40.5,0.0
0.47486,41.0,0.0
0.47486,41.5,0.0
0.47486,42.0,0.0
0.47486,42.5,0.0
0.47486,43.0,0.0
0.47486,43.5,0.0
0.47486,44.0,0.0
0.47486,44.5,0.0
0.47486,45.0,0.0
0.47486,45.5,0.0
0.47486,46.0,0.0
0.47486,46.5,0.0
0.47486,47.0,0.0
0.47486,47.5,0.0
0.47486,48.0,0.0
0.47486,48.5,0.0
0.47486,49.0,0.0
0.47486,49.5,0.0
0.47486,50.0,0.0
0.47486,50.5,0.0
0.47486,51.0,0.0
0.47486,51.5,0.0
0.47486,52.0,0.0
0.47486,52.5,0.0
0.47486,53.0,0.0
0.47486,53.5,0.0
0.47486,54.0,0.0
0.47486,54.5,0.0
0.47486,55.0,0.0
0.47486,55.5,0.0
0.47486,56.0,0.0
0.47486,56.5,0.0
0.47486,57.0,0.0
0.47486,57.5,0.0
0.47486,58.0,0.0
0.47486,58.5,0.0
0.47486,59.0,0.0
0.47486,59.5,0.0
0.47486,60.0,0.0
0.482255,2.0,1.0
0.482255,2.5,1.0
0.482255,3.0,1.0
0.482255,3.5,1.0
0.482255,4.0,1.0
0.482255,4.5,1.0
0.482255,5.0,1.0
0.482255,5.5,1.0
0.482255,6.0,1.0
0.482255,6.5,1.0
0.482255,7.0,1.0
0.482255,7.5,1.0
0.482255,8.0,1.0
0.482255,8.5,1.0
0.482255,9.0,1.0
0.482255,9.5,1.0
0.482255,10.0,1.0
0.482255,10.5,1.0
0.482255,11.0,1.0
0.482255,11.5,1.0
0.482255,12.0,1.0
0.482255,12.5,1.0
0.482255,13.0,1.0
0.482255,13.5,1.0
0.482255,14.0,1.0
0.482255,14.5,1.0
0.482255,15.0,0.97
0.482255,15.5,0.95
0.482255,16.0,0.93
0.482255,16.5,0.89
0.482255,17.0,0.84
0.482255,17.5,0.82
0.482255,18.0,0.76
0.482255,18.5,0.71
0.482255,19.0,0.65
0.482255,19.5,0.54
0.482255,20.0,0.47
0.482255,20.5,0.4
0.482255,21.0,0.31
0.482255,21.5,0.23
0.482255,22.0,0.21
0.482255,22.5,0.16
0.482255,23.0,0.13
0.482255,23.5,0.13
0.482255,24.0,0.11
0.482255,24.5,0.09
0.482255,25.0,0.05
0.482255,25.5,0.03
0.482255,26.0,0.02
0.482255,26.5,0.01
0.482255,27.0,0.01
0.482255,27.5,0.01
0.482255,28.0,0.01
0.482255,28.5,0.01
0.482255,29.0,0.01
0.482255,29.5,0.01
0.482255,30.0,0.01
0.482255,30.5,0.01
0.482255,31.0,0.01
0.482255,31.5,0.01
0.482255,32.0,0.01
0.482255,32.5,0.01
0.482255,33.0,0.01
0.482255,33.5,0.01
0.482255,34.0,0.01
0.482255,34.5,0.01
0.482255,35.0,0.01
0.482255,35.5,0.01
0.482255,36.0,0.01
0.482255,36.5,0.01
0.482255,37.0,0.01
0.482255,37.5,0.0
0.482255,38.0,0.0
0.482255,38.5,0.0
0.482255,39.0,0.0
0.482255,39.5,0.0
0.482255,40.0,0.0
0.482255,40.5,0.0
0.482255,41.0,0.0
0.482255,41.5,0.0
0.482255,42.0,0.0
0.482255,42.5,0.0
0.482255,43.0,0.0
0.482255,43.5,0.0
0.482255,44.0,0.0
0.482255,44.5,0.0
0.482255,45.0,0.0
0.482255,45.5,0.0
0.482255,46.0,0.0
0.482255,46.5,0.0
0.482255,47.0,0.0
0.482255,47.5,0.0
0.482255,48.0,0.0
0.482255,48.5,0.0
0.482255,49.0,0.0
0.482255,49.5,0.0
0.482255,50.0,0.0
0.482255,50.5,0.0
0.482255,51.0,0.0
0.482255,51.5,0.0
0.482255,52.0,0.0
0.482255,52.5,0.0
0.482255,53.0,0.0
0.482255,53.5,0.0
0.482255,54.0,0.0
0.482255,54.5,0.0
0.482255,55.0,0.0
0.482255,55.5,0.0
0.482255,56.0,0.0
0.482255,56.5,0.0
0.482255,57.0,0.0
0.482255,57.5,0.0
0.482255,58.0,0.0
0.482255,58.5,0.0
0.482255,59.0,0.0
0.482255,59.5,0.0
0.482255,60.0,0.0
0.487707,2.0,1.0
0.487707,2.5,1.0
0.487707,3.0,1.0
0.487707,3.5,1.0
0.487707,4.0,1.0
0.487707,4.5,1.0
0.487707,5.0,1.0
0.487707,5.5,1.0
0.487707,6.0,1.0
0.487707,6.5,1.0
0.487707,7.0,1.0
0.487707,7.5,1.0
0.487707,8.0,1.0
0.487707,8.5,1.0
0.487707,9.0,1.0
0.487707,9.5,1.0
0.487707,10.0,1.0
0.487707,10.5,1.0
0.487707,11.0,1.0
0.487707,11.5,1.0
0.487707,12.0,1.0
0.487707,12.5,1.0
0.487707,13.0,1.0
0.487707,13.5,1.0
0.487707,14.0,0.99
0.487707,14.5,0.99
0.487707,15.0,0.96
0.487707,15.5,0.94
0.487707,16.0,0.92
0.487707,16.5,0.89
0.487707,17.0,0.84
0.487707,17.5,0.79
0.487707,18.0,0.71
0.487707,18.5,0.69
0.487707,19.0,0.6
0.487707,19.5,0.5
0.487707,20.0,0.41
0.487707,20.5,0.34
0.487707,21.0,0.23
0.487707,21.5,0.19
0.487707,22.0,0.17
0.487707,22.5,0.12
0.487707,23.0,0.09
0.487707,23.5,0.09
0.487707,24.0,0.06
0.487707,24.5,0.06
0.487707,25.0,0.05
0.487707,25.5,0.05
0.487707,26.0,0.03
0.487707,26.5,0.02
0.487707,27.0,0.02
0.487707,27.5,0.01
0.487707,28.0,0.01
0.487707,28.5,0.01
0.487707,29.0,0.01
0.487707,29.5,0.01
0.487707,30.0,0.01
0.487707,30.5,0.01
0.487707,31.0,0.01
0.487707,31.5,0.01
0.487707,32.0,0.01
0.487707,32.5,0.01
0.487707,33.0,0.01
0.487707,33.5,0.01
0.487707,34.0,0.01
0.487707,34.5,0.01
0.487707,35.0,0.01
0.487707,35.5,0.01
0.487707,36.0,0.01
0.487707,36.5,0.0
0.487707,37.0,0.0
0.487707,37.5,0.0
0.487707,38.0,0.0
0.487707,38.5,0.0
0.487707,39.0,0.0
0.487707,39.5,0.0
0.487707,40.0,0.0
0.487707,40.5,0.0
0.487707,41.0,0.0
0.487707,41.5,0.0
0.487707,42.0,0.0
0.487707,42.5,0.0
0.487707,43.0,0.0
0.487707,43.5,0.0
0.487707,44.0,0.0
0.487707,44.5,0.0
0.487707,45.0,0.0
0.487707,45.5,0.0
0.487707,46.0,0.0
0.487707,46.5,0.0
0.487707,47.0,0.0
0.487707,47.5,0.0
0.487707,48.0,0.0
0.487707,48.5,0.0
0.487707,49.0,0.0
0.487707,49.5,0.0
0.487707,50.0,0.0
0.487707,50.5,0.0
0.487707,51.0,0.0
0.487707,51.5,0.0
0.487707,52.0,0.0
0.487707,52.5,0.0
0.487707,53.0,0.0
0.487707,53.5,0.0
0.487707,54.0,0.0
0.487707,54.5,0.0
0.487707,55.0,0.0
0.487707,55.5,0.0
0.487707,56.0,0.0
0.487707,56.5,0.0
0.487707,57.0,0.0
0.487707,57.5,0.0
0.487707,58.0,0.0
0.487707,58.5,0.0
0.487707,59.0,0.0
0.487707,59.5,0.0
0.487707,60.0,0.0
0.491644,2.0,1.0
0.491644,2.5,1.0
0.491644,3.0,1.0
0.491644,3.5,1.0
0.491644,4.0,1.0
0.491644,4.5,1.0
0.491644,5.0,1.0
0.491644,5.5,1.0
0.491644,6.0,1.0
0.491644,6.5,1.0
0.491644,7.0,1.0
0.491644,7.5,1.0
0.491644,8.0,1.0
0.491644,8.5,1.0
0.491644,9.0,1.0
0.491644,9.5,1.0
0.491644,10.0,1.0
0.491644,10.5,1.0
0.491644,11.0,1.0
0.491644,11.5,1.0
0.491644,12.0,1.0
0.491644,12.5,1.0
0.491644,13.0,1.0
0.491644,13.5,1.0
0.491644,14.0,0.99
0.491644,14.5,0.99
0.491644,15.0,0.96
0.491644,15.5,0.94
0.491644,16.0,0.92
0.491644,16.5,0.89
0.491644,17.0,0.83
0.491644,17.5,0.77
0.491644,18.0,0.69
0.491644,18.5,0.65
0.491644,19.0,0.55
0.491644,19.5,0.46
0.491644,20.0,0.38
0.491644,20.5,0.3
0.491644,21.0,0.2
0.491644,21.5,0.13
0.491644,22.0,0.11
0.491644,22.5,0.08
0.491644,23.0,0.06
0.491644,23.5,0.06
0.491644,24.0,0.05
0.491644,24.5,0.05
0.491644,25.0,0.04
0.491644,25.5,0.04
0.491644,26.0,0.03
0.491644,26.5,0.02
0.491644,27.0,0.02
0.491644,27.5,0.01
0.491644,28.0,0.01
0.491644,28.5,0.01
0.491644,29.0,0.01
0.491644,29.5,0.01
0.491644,30.0,0.01
0.491644,30.5,0.01
0.491644,31.0,0.01
0.491644,31.5,0.01
0.491644,32.0,0.01
0.491644,32.5,0.01
0.491644,33.0,0.01
0.491644,33.5,0.01
0.491644,34.0,0.0
0.491644,34.5,0.0
0.491644,35.0,0.0
0.491644,35.5,0.0
0.491644,36.0,0.0
0.491644,36.5,0.0
0.491644,37.0,0.0
0.491644,37.5,0.0
0.491644,38.0,0.0
0.491644,38.5,0.0
0.491644,39.0,0.0
0.491644,39.5,0.0
0.491644,40.0,0.0
0.491644,40.5,0.0
0.491644,41.0,0.0
0.491644,41.5,0.0
0.491644,42.0,0.0
0.491644,42.5,0.0
0.491644,43.0,0.0
0.491644,43.5,0.0
0.491644,44.0,0.0
0.491644,44.5,0.0
0.491644,45.0,0.0
0.491644,45.5,0.0
0.491644,46.0,0.0
0.491644,46.5,0.0
0.491644,47.0,0.0
0.491644,47.5,0.0
0.491644,48.0,0.0
0.491644,48.5,0.0
0.491644,49.0,0.0
0.491644,49.5,0.0
0.491644,50.0,0.0
0.491644,50.5,0.0
0.491644,51.0,0.0
0.491644,51.5,0.0
0.491644,52.0,0.0
0.491644,52.5,0.0
0.491644,53.0,0.0
0.491644,53.5,0.0
0.491644,54.0,0.0
0.491644,54.5,0.0
0.491644,55.0,0.0
0.491644,55.5,0.0
0.491644,56.0,0.0
0.491644,56.5,0.0
0.491644,57.0,0.0
0.491644,57.5,0.0
0.491644,58.0,0.0
0.491644,58.5,0.0
0.491644,59.0,0.0
0.491644,59.5,0.0
0.491644,60.0,0.0
0.494428,2.0,1.0
0.494428,2.5,1.0
0.494428,3.0,1.0
0.494428,3.5,1.0
0.494428,4.0,1.0
0.494428,4.5,1.0
0.494428,5.0,1.0
0.494428,5.5,1.0
0.494428,6.0,1.0
0.494428,6.5,1.0
0.494428,7.0,1.0
0.494428,7.5,1.0
0.494428,8.0,1.0
0.494428,8.5,1.0
0.494428,9.0,1.0
0.494428,9.5,1.0
0.494428,10.0,1.0
0.494428,10.5,1.0
0.494428,11.0,1.0
0.494428,11.5,1.0
0.494428,12.0,1.0
0.494428,12.5,1.0
0.494428,13.0,1.0
0.494428,13.5,1.0
0.494428,14.0,0.99
0.494428,14.5,0.99
0.494428,15.0,0.96
0.494428,15.5,0.94
0.494428,16.0,0.92
0.494428,16.5,0.88
0.494428,17.0,0.81
0.494428,17.5,0.75
0.494428,18.0,0.67
0.494428,18.5,0.65
0.494428,19.0,0.53
0.494428,19.5,0.44
0.494428,20.0,0.33
0.494428,20.5,0.27
0.494428,21.0,0.2
0.494428,21.5,0.1
0.494428,22.0,0.08
0.494428,22.5,0.06
0.494428,23.0,0.06
0.494428,23.5,0.06
0.494428,24.0,0.05
0.494428,24.5,0.05
0.494428,25.0,0.04
0.494428,25.5,0.04
0.494428,26.0,0.03
0.494428,26.5,0.02
0.494428,27.0,0.02
0.494428,27.5,0.01
0.494428,28.0,0.01
0.494428,28.5,0.01
0.494428,29.0,0.01
0.494428,29.5,0.01
0.494428,30.0,0.01
0.494428,30.5,0.01
0.494428,31.0,0.01
0.494428,31.5,0.0
0.494428,32.0,0.0
0.494428,32.5,0.0
0.494428,33.0,0.0
0.494428,33.5,0.0
0.494428,34.0,0.0
0.494428,34.5,0.0
0.494428,35.0,0.0
0.494428,35.5,0.0
0.494428,36.0,0.0
0.494428,36.5,0.0
0.494428,37.0,0.0
0.494428,37.5,0.0
0.494428,38.0,0.0
0.494428,38.5,0.0
0.494428,39.0,0.0
0.494428,39.5,0.0
0.494428,40.0,0.0
0.494428,40.5,0.0
0.494428,41.0,0.0
0.494428,41.5,0.0
0.494428,42.0,0.0
0.494428,42.5,0.0
0.494428,43.0,0.0
0.494428,43.5,0.0
0.494428,44.0,0.0
0.494428,44.5,0.0
0.494428,45.0,0.0
0.494428,45.5,0.0
0.494428,46.0,0.0
0.494428,46.5,0.0
0.494428,47.0,0.0
0.494428,47.5,0.0
0.494428,48.0,0.0
0.494428,48.5,0.0
0.494428,49.0,0.0
0.494428,49.5,0.0
0.494428,50.0,0.0
0.494428,50.5,0.0
0.494428,51.0,0.0
0.494428,51.5,0.0
0.494428,52.0,0.0
0.494428,52.5,0.0
0.494428,53.0,0.0
0.494428,53.5,0.0
0.494428,54.0,0.0
0.494428,54.5,0.0
0.494428,55.0,0.0
0.494428,55.5,0.0
0.494428,56.0,0.0
0.494428,56.5,0.0
0.494428,57.0,0.0
0.494428,57.5,0.0
0.494428,58.0,0.0
0.494428,58.5,0.0
0.494428,59.0,0.0
0.494428,59.5,0.0
0.494428,60.0,0.0
0.496355,2.0,1.0
0.496355,2.5,1.0
0.496355,3.0,1.0
0.496355,3.5,1.0
0.496355,4.0,1.0
0.496355,4.5,1.0
0.496355,5.0,1.0
0.496355,5.5,1.0
0.496355,6.0,1.0
0.496355,6.5,1.0
0.496355,7.0,1.0
0.496355,7.5,1.0
0.496355,8.0,1.0
0.496355,8.5,1.0
0.496355,9.0,1.0
0.496355,9.5,1.0
0.496355,10.0,1.0
0.496355,10.5,1.0
0.496355,11.0,1.0
0.496355,11.5,1.0
0.496355,12.0,1.0
0.496355,12.5,1.0
0.496355,13.0,1.0
0.496355,13.5,1.0
0.496355,14.0,0.99
0.496355,14.5,0.99
0.496355,15.0,0.97
0.496355,15.5,0.94
0.496355,16.0,0.91
0.496355,16.5,0.87
0.496355,17.0,0.8
0.496355,17.5,0.74
0.496355,18.0,0.66
0.496355,18.5,0.63
0.496355,19.0,0.52
0.496355,19.5,0.42
0.496355,20.0,0.3
0.496355,20.5,0.25
0.496355,21.0,0.18
0.496355,21.5,0.09
0.496355,22.0,0.09
0.496355,22.5,0.06
0.496355,23.0,0.06
0.496355,23.5,0.06
0.496355,24.0,0.05
0.496355,24.5,0.05
0.496355,25.0,0.04
0.496355,25.5,0.04
0.496355,26.0,0.02
0.496355,26.5,0.01
0.496355,27.0,0.01
0.496355,27.5,0.01
0.496355,28.0,0.01
0.496355,28.5,0.01
0.496355,29.0,0.01
0.496355,29.5,0.01
0.496355,30.0,0.01
0.496355,30.5,0.01
0.496355,31.0,0.01
0.496355,31.5,0.0
0.496355,32.0,0.0
0.496355,32.5,0.0
0.496355,33.0,0.0
0.496355,33.5,0.0
0.496355,34.0,0.0
0.496355,34.5,0.0
0.496355,35.0,0.0
0.496355,35.5,0.0
0.496355,36.0,0.0
0.496355,36.5,0.0
0.496355,37.0,0.0
0.496355,37.5,0.0
0.496355,38.0,0.0
0.496355,38.5,0.0
0.496355,39.0,0.0
0.496355,39.5,0.0
0.496355,40.0,0.0
0.496355,40.5,0.0
0.496355,41.0,0.0
0.496355,41.5,0.0
0.496355,42.0,0.0
0.496355,42.5,0.0
0.496355,43.0,0.0
0.496355,43.5,0.0
0.496355,44.0,0.0
0.496355,44.5,0.0
0.496355,45.0,0.0
0.496355,45.5,0.0
0.496355,46.0,0.0
0.496355,46.5,0.0
0.496355,47.0,0.0
0.496355,47.5,0.0
0.496355,48.0,0.0
0.496355,48.5,0.0
0.496355,49.0,0.0
0.496355,49.5,0.0
0.496355,50.0,0.0
0.496355,50.5,0.0
0.496355,51.0,0.0
0.496355,51.5,0.0
0.496355,52.0,0.0
0.496355,52.5,0.0
0.496355,53.0,0.0
0.496355,53.5,0.0
0.496355,54.0,0.0
0.496355,54.5,0.0
0.496355,55.0,0.0
0.496355,55.5,0.0
0.496355,56.0,0.0
0.496355,56.5,0.0
0.496355,57.0,0.0
0.496355,57.5,0.0
0.496355,58.0,0.0
0.496355,58.5,0.0
0.496355,59.0,0.0
0.496355,59.5,0.0
0.496355,60.0,0.0
0.497661,2.0,1.0
0.497661,2.5,1.0
0.497661,3.0,1.0
0.497661,3.5,1.0
0.497661,4.0,1.0
0.497661,4.5,1.0
0.497661,5.0,1.0
0.497661,5.5,1.0
0.497661,6.0,1.0
0.497661,6.5,1.0
0.497661,7.0,1.0
0.497661,7.5,1.0
0.497661,8.0,1.0
0.497661,8.5,1.0
0.497661,9.0,1.0
0.497661,9.5,1.0
0.497661,10.0,1.0
0.497661,10.5,1.0
0.497661,11.0,1.0
0.497661,11.5,1.0
0.497661,12.0,1.0
0.497661,12.5,1.0
0.497661,13.0,1.0
0.497661,13.5,1.0
0.497661,14.0,0.99
0.497661,14.5,0.99
0.497661,15.0,0.97
0.497661,15.5,0.94
0.497661,16.0,0.92
0.497661,16.5,0.88
0.497661,17.0,0.81
0.497661,17.5,0.75
0.497661,18.0,0.66
0.497661,18.5,0.62
0.497661,19.0,0.51
0.497661,19.5,0.42
0.497661,20.0,0.3
0.497661,20.5,0.24
0.497661,21.0,0.18
0.497661,21.5,0.1
0.497661,22.0,0.09
0.497661,22.5,0.05
0.497661,23.0,0.04
0.497661,23.5,0.04
0.497661,24.0,0.04
0.497661,24.5,0.04
0.497661,25.0,0.04
0.497661,25.5,0.04
0.497661,26.0,0.02
0.497661,26.5,0.01
0.497661,27.0,0.01
0.497661,27.5,0.01
0.497661,28.0,0.01
0.497661,28.5,0.01
0.497661,29.0,0.01
0.497661,29.5,0.01
0.497661,30.0,0.01
0.497661,30.5,0.01
0.497661,31.0,0.01
0.497661,31.5,0.0
0.497661,32.0,0.0
0.497661,32.5,0.0
0.497661,33.0,0.0
0.497661,33.5,0.0
0.497661,34.0,0.0
0.497661,34.5,0.0
0.497661,35.0,0.0
0.497661,35.5,0.0
0.497661,36.0,0.0
0.497661,36.5,0.0
0.497661,37.0,0.0
0.497661,37.5,0.0
0.497661,38.0,0.0
0.497661,38.5,0.0
0.497661,39.0,0.0
0.497661,39.5,0.0
0.497661,40.0,0.0
0.497661,40.5,0.0
0.497661,41.0,0.0
0.497661,41.5,0.0
0.497661,42.0,0.0
0.497661,42.5,0.0
0.497661,43.0,0.0
0.497661,43.5,0.0
0.497661,44.0,0.0
0.497661,44.5,0.0
0.497661,45.0,0.0
0.497661,45.5,0.0
0.497661,46.0,0.0
0.497661,46.5,0.0
0.497661,47.0,0.0
0.497661,47.5,0.0
0.497661,48.0,0.0
0.497661,48.5,0.0
0.497661,49.0,0.0
0.497661,49.5,0.0
0.497661,50.0,0.0
0.497661,50.5,0.0
0.497661,51.0,0.0
0.497661,51.5,0.0
0.497661,52.0,0.0
0.497661,52.5,0.0
0.497661,53.0,0.0
0.497661,53.5,0.0
0.497661,54.0,0.0
0.497661,54.5,0.0
0.497661,55.0,0.0
0.497661,55.5,0.0
0.497661,56.0,0.0
0.497661,56.5,0.0
0.497661,57.0,0.0
0.497661,57.5,0.0
0.497661,58.0,0.0
0.497661,58.5,0.0
0.497661,59.0,0.0
0.497661,59.5,0.0
0.497661,60.0,0.0
