delta_e,smax_mean,smax_ci_lo,smax_ci_hi,tau_arf_median,err_episode,err_converged,err_final,trivial_error,skill_episode,skill_converged,skill_converged_ci_lo,skill_converged_ci_hi,skill,n_runs
0.028186,5.2834200000000475,5.007767338709715,5.551546190476249,130.0,0.024243999999999998,0.023500000000000007,0.023500000000000007,0.471814,0.9486153441822414,0.9501922367712701,0.9458473042342957,0.9543252213796115,0.9501922367712701,100
0.085449,17.420269999999977,16.459920821662017,18.342665331594585,417.5,0.031408,0.02344999999999999,0.02344999999999999,0.414551,0.9242361012275933,0.943432774254555,0.9384876649676397,0.9481366586982061,0.943432774254555,100
0.140949,29.184899999999683,28.076236058344314,30.324673437499754,313.5,0.036364,0.0232,0.0232,0.359051,0.8987219085868025,0.9353852238261418,0.9293972165514092,0.9410947191346076,0.9353852238261418,100
0.193621,33.199919999999814,32.212624318181646,34.16075688004012,150.0,0.038304,0.0235,0.0235,0.306379,0.8749783764553054,0.9232976150454176,0.9166065559323583,0.9301518707222101,0.9232976150454176,100
0.242568,32.62243999999986,31.64538867187486,33.58291899075494,92.0,0.036664,0.022449999999999998,0.022449999999999998,0.257432,0.8575779234904751,0.9127925044283539,0.9050234625066037,0.9205615463501041,0.9127925044283539,100
0.287108,31.80697999999964,30.983331012967664,32.63071618663553,68.0,0.03494,0.017349999999999997,0.017349999999999997,0.21289200000000003,0.835879225147023,0.9185032786577232,0.909813426526126,0.9271931307893204,0.9185032786577232,100
0.326793,31.325009999999722,30.65835891053358,31.993157782257832,53.0,0.03322800000000001,0.01565,0.01565,0.173207,0.8081601782837875,0.9096456840658864,0.8998308382455674,0.9194605298862055,0.9096456840658864,100
0.361418,29.6687399999997,28.98555115384581,30.35232698412669,46.0,0.03152,0.013600000000000001,0.013600000000000001,0.13858199999999998,0.7725534340679164,0.9018631568313344,0.8899568486527831,0.913408667792354,0.9018631568313344,100
0.390998,28.52314999999969,27.940554426229166,29.106200566134497,41.5,0.029244000000000003,0.01215,0.01215,0.10900199999999999,0.7317113447459679,0.8885341553365993,0.8738555255866866,0.9022953707271426,0.8885341553365993,100
0.415743,26.429019999999678,25.79370282258035,27.056299332591475,38.5,0.027752,0.01175,0.01175,0.08425700000000003,0.6706267728497337,0.8605457113355568,0.8445233037017696,0.8765681189693438,0.8605457113355568,100
0.436013,24.572379999999747,23.986612992423986,25.150595709528453,37.0,0.025783999999999994,0.011099999999999999,0.011099999999999999,0.06398700000000002,0.5970431493897199,0.8265272633503681,0.8062106365355464,0.8476252988888369,0.8265272633503681,100
0.452271,22.7766499999998,22.245921060605923,23.28859337858583,35.0,0.023831999999999996,0.010299999999999998,0.010299999999999998,0.04772900000000002,0.5006809277378537,0.784198286157263,0.7548660143728133,0.8124829768065538,0.784198286157263,100
0.46504,21.792929999999885,21.2838057347669,22.267572767857025,33.0,0.022244,0.00865,0.00865,0.03495999999999999,0.36372997711670463,0.7525743707093822,0.7153890160183065,0.7883295194508009,0.7525743707093822,100
0.47486,20.76963999999993,20.292039841269776,21.2123248463901,32.0,0.020739999999999998,0.00825,0.00825,0.025139999999999996,0.1750198886237072,0.6718377088305488,0.6181384248210022,0.7235481304693714,0.6718377088305488,100
0.482255,20.075679999999966,19.59713405902977,20.531173450958565,31.0,0.018736000000000003,0.0079,0.0079,0.01774500000000001,-0.055846717385178435,0.5548041701887858,0.47872640180332515,0.628064243448859,0.5548041701887858,100
0.487707,19.724489999999975,19.244091229508175,20.167955763757085,31.0,0.017124,0.007400000000000001,0.007400000000000001,0.012292999999999998,-0.39298787928089185,0.3980313999837304,0.2922801594403317,0.4956479297160985,0.3980313999837304,100
0.491644,19.42099999999998,18.980431370967736,19.82910813722896,29.5,0.015264,0.006250000000000001,0.006250000000000001,0.008355999999999975,-0.8267113451412214,0.2520344662517927,0.12039253231210834,0.3776926759214917,0.2520344662517927,100
0.494428,19.25317999999999,18.84100950396824,19.642560912753527,29.0,0.013355999999999996,0.00525,0.00525,0.005572000000000021,-1.3969849246231059,0.057788944723621616,-0.13065326633165397,0.2282842785355379,0.057788944723621616,100
0.496355,19.15529999999999,18.747970683060103,19.535886087768425,29.0,0.011688,0.0036000000000000003,0.0036000000000000003,0.0036450000000000093,-2.2065843621399095,0.012345679012348065,-0.22085048010973618,0.2318244170096041,0.012345679012348065,100
0.497661,19.13002999999999,18.73120322580644,19.501589362710245,29.0,0.010455999999999998,0.0023,0.0023,0.00233899999999998,-3.4702864471996957,0.01667379221888854,-0.26122274476273,0.29457032920050685,0.01667379221888854,100
