variant,seed,pipeline,n_total,warmup_steps,span_lo,span_hi,span_len,span_over_warmup,p_true_warmup,p_true_span,lambda_eq_warm_emp,lambda_eq_span_emp,lambda_eq_span_arl,theta_star_span,arl_note,arl_emp_ratio,arl_concordant,fa_of_warm_lambda_over_span,verdict_warm,verdict_span,bound_span,attained_fa_span
abrupt_balanced,76953952,pht_arf_c1,52847,5284,5284,14352,9068,1.7161241483724452,0.3238077214231643,0.2642258491398324,52.190890461206436,49.49202138185501,31.157845268779905,0.05103013679401163,,1.5884288837985183,True,1,OK,OK,,1
abrupt_balanced,110020020,pht_arf_c1,52847,5284,5284,14352,9068,1.7161241483724452,0.33516275548826646,0.2616894574327305,63.9382229745388,42.74348795413971,31.03944336326307,0.05134076622537892,,1.3770700541856054,True,1,OK,OK,,1
abrupt_balanced,168388230,pht_arf_c1,52847,5284,5284,14352,9068,1.7161241483724452,0.332891748675246,0.25540361711513015,50.977908074855804,121.89077827334404,30.739047245720787,0.052142211133949,,3.9653401518588893,False,2,OK,OK,,1
abrupt_balanced,176092387,pht_arf_c1,52847,5284,5284,14352,9068,1.7161241483724452,0.3255109765329296,0.2574988972209969,42.55210843682289,56.38856944441795,30.840290207264587,0.051869934195004304,,1.8284059282663734,True,2,OK,OK,,1
abrupt_balanced,176623029,pht_arf_c1,52847,5284,5284,14352,9068,1.7161241483724452,0.33535200605601817,0.2627922364358183,48.11801192164421,85.65891334414482,31.09111944721193,0.05120483192125448,,2.7550926073787996,False,3,OK,OK,,1
abrupt_balanced,232150720,pht_arf_c1,52847,5284,5284,14352,9068,1.7161241483724452,0.3296744890234671,0.26268195853550946,52.74584496021271,56.85862335562706,31.08596549932956,0.051218364234049324,,1.829076962620104,True,2,OK,OK,,1
abrupt_balanced,233227757,pht_arf_c1,52847,5284,5284,14352,9068,1.7161241483724452,0.3298637395912188,0.2657697397441553,33.166332840919495,84.16306284070015,31.2291335163662,0.0508445203173643,,2.695017548168378,False,4,OK,OK,,1
abrupt_balanced,398083709,pht_arf_c1,52847,5284,5284,14352,9068,1.7161241483724452,0.3330809992429977,0.2656594618438465,40.66732728481293,71.35201177001,31.224061054061707,0.05085769294673048,,2.2851611661426836,False,4,OK,OK,,1
abrupt_balanced,536987301,pht_arf_c1,52847,5284,5284,14352,9068,1.7161241483724452,0.323996971990916,0.275363917071019,32.70313462615013,74.83043748140335,31.65905236074417,0.049747081318429774,,2.363634786939795,False,4,OK,OK,,1
abrupt_balanced,569531098,pht_arf_c1,52847,5284,5284,14352,9068,1.7161241483724452,0.33989401968205907,0.27492280546978387,64.10446989536285,64.56665685772896,31.63977508713118,0.04979549694781981,,2.040680020004001,False,2,OK,OK,,1
abrupt_balanced,570914454,pht_arf_c1,52847,5284,5284,14352,9068,1.7161241483724452,0.3186979560938683,0.2560652845169828,51.91397088766098,125.34433907270432,30.77113946845972,0.05205566355418852,,4.073438333383192,False,3,OK,OK,,1
abrupt_balanced,592703045,pht_arf_c1,52847,5284,5284,14352,9068,1.7161241483724452,0.33364875094625285,0.2674239082487869,56.815585643053055,43.37113365530968,31.304860632356146,0.050648495373154905,,1.3854440741538407,True,1,OK,OK,,1
abrupt_balanced,609942288,pht_arf_c1,52847,5284,5284,14352,9068,1.7161241483724452,0.31907645722937167,0.24867666519629467,47.95603308081627,57.352382212877274,30.406385533846603,0.05305271638539408,,1.886195323973511,True,3,OK,OK,,1
abrupt_balanced,612016888,pht_arf_c1,52847,5284,5284,14352,9068,1.7161241483724452,0.3427327781983346,0.25220555800617556,52.970714777708054,55.936108350753784,30.582354056570697,0.052568025699967276,,1.8290321355669403,True,2,OK,OK,,1
abrupt_balanced,829139639,pht_arf_c1,52847,5284,5284,14352,9068,1.7161241483724452,0.33800151400454204,0.26080723423026025,49.82409882545471,75.67252817749977,30.997883488719257,0.05145049806533206,,2.441215968988286,False,2,OK,OK,,1
abrupt_balanced,877132087,pht_arf_c1,52847,5284,5284,14352,9068,1.7161241483724452,0.33970476911430736,0.2604764005293339,47.05643483996391,52.053568333387375,30.982248221569343,0.051491874956269355,,1.6801094601375157,True,2,OK,OK,,1
abrupt_balanced,911875363,pht_arf_c1,52847,5284,5284,14352,9068,1.7161241483724452,0.3268357305071915,0.2688575209528011,31.049231320619583,121.98196944594383,31.369946880376652,0.05048095385823763,,3.888497800493541,False,4,OK,OK,,1
abrupt_balanced,1129302214,pht_arf_c1,52847,5284,5284,14352,9068,1.7161241483724452,0.3181302043906132,0.26477723864137626,41.855429887771606,63.949435979127884,31.183373111582537,0.05096354766127735,,2.0507542833900465,False,3,OK,OK,,1
abrupt_balanced,1206282609,pht_arf_c1,52847,5284,5284,14352,9068,1.7161241483724452,0.33062074186222556,0.2556241729157477,29.837929397821426,77.0525159239769,30.749757064910018,0.052113303555657256,,2.505792672160819,False,4,OK,OK,,1
abrupt_balanced,1244265337,pht_arf_c1,52847,5284,5284,14352,9068,1.7161241483724452,0.330999242997729,0.2696294662549625,47.354501485824585,61.7042920589447,31.404784952095845,0.050391629889010844,,1.9648054318177006,True,2,OK,OK,,1
abrupt_balanced,1258460216,pht_arf_c1,52847,5284,5284,14352,9068,1.7161241483724452,0.32910673732021195,0.257940008822232,33.634795516729355,66.03503996133804,30.861462374122674,0.05181327508473579,,2.139724915197421,False,5,OK,OK,,1
abrupt_balanced,1332204363,pht_arf_c1,52847,5284,5284,14352,9068,1.7161241483724452,0.32361847085541257,0.2545213939126599,49.76519337296486,103.15167638659477,30.696083638559085,0.052258428600776036,,3.3604181432780607,False,3,OK,OK,,1
abrupt_balanced,1337295874,pht_arf_c1,52847,5284,5284,14352,9068,1.7161241483724452,0.32342922028766086,0.2669827966475518,26.437890619039536,55.73318865895271,31.284732610773645,0.05070048317952248,,1.781482020394819,True,6,OK,OK,,1
abrupt_balanced,1380564739,pht_arf_c1,52847,5284,5284,14352,9068,1.7161241483724452,0.3257002271006813,0.24911777679752978,34.70664870738983,62.01843464374542,30.428558771625692,0.052991259272085894,,2.0381653665955732,False,3,OK,OK,,1
abrupt_balanced,1395586264,pht_arf_c1,52847,5284,5284,14352,9068,1.7161241483724452,0.32172596517789553,0.2562858403176004,66.38509687781334,76.28473740816116,30.781812071130865,0.052026930849780495,,2.4782406322240473,False,2,OK,OK,,1
abrupt_balanced,1496786007,pht_arf_c1,52847,5284,5284,14352,9068,1.7161241483724452,0.3251324753974262,0.27194530216144686,47.51079946756363,87.84048220515251,31.508428039468896,0.05012734163757651,,2.7878408308760916,False,2,OK,OK,,1
abrupt_balanced,1658700540,pht_arf_c1,52847,5284,5284,14352,9068,1.7161241483724452,0.32816048448145346,0.2616894574327305,52.09801882505417,41.622960805892944,31.03944336326307,0.05134076622537892,,1.3409699497110203,True,1,OK,OK,,1
abrupt_balanced,1737489325,pht_arf_c1,52847,5284,5284,14352,9068,1.7161241483724452,0.3315669947009841,0.2544111160123511,52.304135859012604,65.86019739508629,30.69069918146464,0.05227302213283602,,2.1459334310266196,False,2,OK,OK,,1
abrupt_balanced,1870843651,pht_arf_c1,52847,5284,5284,14352,9068,1.7161241483724452,0.3385692657077971,0.26036612262902514,40.28601077198982,69.9132821559906,30.97703035844696,0.05150569495312447,,2.256939459560762,False,5,OK,OK,,1
abrupt_balanced,1944468667,pht_arf_c1,52847,5284,5284,14352,9068,1.7161241483724452,0.3298637395912188,0.2627922364358183,62.01044872403145,83.31737327575684,31.09111944721193,0.05120483192125448,,2.6797804246713364,False,2,OK,OK,,1
abrupt_balanced,76953952,pht_ht,52847,5284,5284,14352,9068,1.7161241483724452,0.3925056775170325,0.3754962505513895,44.90237799286842,47.603462904691696,34.921983803633964,0.042496864685123155,,1.3631374200379218,True,3,OK,OK,,1
abrupt_balanced,110020020,pht_ht,52847,5284,5284,14352,9068,1.7161241483724452,0.3925056775170325,0.3754962505513895,44.90237799286842,47.603462904691696,34.921983803633964,0.042496864685123155,,1.3631374200379218,True,3,OK,OK,,1
abrupt_balanced,168388230,pht_ht,52847,5284,5284,14352,9068,1.7161241483724452,0.3925056775170325,0.3754962505513895,44.90237799286842,47.603462904691696,34.921983803633964,0.042496864685123155,,1.3631374200379218,True,3,OK,OK,,1
abrupt_balanced,176092387,pht_ht,52847,5284,5284,14352,9068,1.7161241483724452,0.3925056775170325,0.3754962505513895,44.90237799286842,47.603462904691696,34.921983803633964,0.042496864685123155,,1.3631374200379218,True,3,OK,OK,,1
abrupt_balanced,176623029,pht_ht,52847,5284,5284,14352,9068,1.7161241483724452,0.3925056775170325,0.3754962505513895,44.90237799286842,47.603462904691696,34.921983803633964,0.042496864685123155,,1.3631374200379218,True,3,OK,OK,,1
abrupt_balanced,232150720,pht_ht,52847,5284,5284,14352,9068,1.7161241483724452,0.3925056775170325,0.3754962505513895,44.90237799286842,47.603462904691696,34.921983803633964,0.042496864685123155,,1.3631374200379218,True,3,OK,OK,,1
abrupt_balanced,233227757,pht_ht,52847,5284,5284,14352,9068,1.7161241483724452,0.3925056775170325,0.3754962505513895,44.90237799286842,47.603462904691696,34.921983803633964,0.042496864685123155,,1.3631374200379218,True,3,OK,OK,,1
abrupt_balanced,398083709,pht_ht,52847,5284,5284,14352,9068,1.7161241483724452,0.3925056775170325,0.3754962505513895,44.90237799286842,47.603462904691696,34.921983803633964,0.042496864685123155,,1.3631374200379218,True,3,OK,OK,,1
abrupt_balanced,536987301,pht_ht,52847,5284,5284,14352,9068,1.7161241483724452,0.3925056775170325,0.3754962505513895,44.90237799286842,47.603462904691696,34.921983803633964,0.042496864685123155,,1.3631374200379218,True,3,OK,OK,,1
abrupt_balanced,569531098,pht_ht,52847,5284,5284,14352,9068,1.7161241483724452,0.3925056775170325,0.3754962505513895,44.90237799286842,47.603462904691696,34.921983803633964,0.042496864685123155,,1.3631374200379218,True,3,OK,OK,,1
abrupt_balanced,570914454,pht_ht,52847,5284,5284,14352,9068,1.7161241483724452,0.3925056775170325,0.3754962505513895,44.90237799286842,47.603462904691696,34.921983803633964,0.042496864685123155,,1.3631374200379218,True,3,OK,OK,,1
abrupt_balanced,592703045,pht_ht,52847,5284,5284,14352,9068,1.7161241483724452,0.3925056775170325,0.3754962505513895,44.90237799286842,47.603462904691696,34.921983803633964,0.042496864685123155,,1.3631374200379218,True,3,OK,OK,,1
abrupt_balanced,609942288,pht_ht,52847,5284,5284,14352,9068,1.7161241483724452,0.3925056775170325,0.3754962505513895,44.90237799286842,47.603462904691696,34.921983803633964,0.042496864685123155,,1.3631374200379218,True,3,OK,OK,,1
abrupt_balanced,612016888,pht_ht,52847,5284,5284,14352,9068,1.7161241483724452,0.3925056775170325,0.3754962505513895,44.90237799286842,47.603462904691696,34.921983803633964,0.042496864685123155,,1.3631374200379218,True,3,OK,OK,,1
abrupt_balanced,829139639,pht_ht,52847,5284,5284,14352,9068,1.7161241483724452,0.3925056775170325,0.3754962505513895,44.90237799286842,47.603462904691696,34.921983803633964,0.042496864685123155,,1.3631374200379218,True,3,OK,OK,,1
abrupt_balanced,877132087,pht_ht,52847,5284,5284,14352,9068,1.7161241483724452,0.3925056775170325,0.3754962505513895,44.90237799286842,47.603462904691696,34.921983803633964,0.042496864685123155,,1.3631374200379218,True,3,OK,OK,,1
abrupt_balanced,911875363,pht_ht,52847,5284,5284,14352,9068,1.7161241483724452,0.3925056775170325,0.3754962505513895,44.90237799286842,47.603462904691696,34.921983803633964,0.042496864685123155,,1.3631374200379218,True,3,OK,OK,,1
abrupt_balanced,1129302214,pht_ht,52847,5284,5284,14352,9068,1.7161241483724452,0.3925056775170325,0.3754962505513895,44.90237799286842,47.603462904691696,34.921983803633964,0.042496864685123155,,1.3631374200379218,True,3,OK,OK,,1
abrupt_balanced,1206282609,pht_ht,52847,5284,5284,14352,9068,1.7161241483724452,0.3925056775170325,0.3754962505513895,44.90237799286842,47.603462904691696,34.921983803633964,0.042496864685123155,,1.3631374200379218,True,3,OK,OK,,1
abrupt_balanced,1244265337,pht_ht,52847,5284,5284,14352,9068,1.7161241483724452,0.3925056775170325,0.3754962505513895,44.90237799286842,47.603462904691696,34.921983803633964,0.042496864685123155,,1.3631374200379218,True,3,OK,OK,,1
abrupt_balanced,1258460216,pht_ht,52847,5284,5284,14352,9068,1.7161241483724452,0.3925056775170325,0.3754962505513895,44.90237799286842,47.603462904691696,34.921983803633964,0.042496864685123155,,1.3631374200379218,True,3,OK,OK,,1
abrupt_balanced,1332204363,pht_ht,52847,5284,5284,14352,9068,1.7161241483724452,0.3925056775170325,0.3754962505513895,44.90237799286842,47.603462904691696,34.921983803633964,0.042496864685123155,,1.3631374200379218,True,3,OK,OK,,1
abrupt_balanced,1337295874,pht_ht,52847,5284,5284,14352,9068,1.7161241483724452,0.3925056775170325,0.3754962505513895,44.90237799286842,47.603462904691696,34.921983803633964,0.042496864685123155,,1.3631374200379218,True,3,OK,OK,,1
abrupt_balanced,1380564739,pht_ht,52847,5284,5284,14352,9068,1.7161241483724452,0.3925056775170325,0.3754962505513895,44.90237799286842,47.603462904691696,34.921983803633964,0.042496864685123155,,1.3631374200379218,True,3,OK,OK,,1
abrupt_balanced,1395586264,pht_ht,52847,5284,5284,14352,9068,1.7161241483724452,0.3925056775170325,0.3754962505513895,44.90237799286842,47.603462904691696,34.921983803633964,0.042496864685123155,,1.3631374200379218,True,3,OK,OK,,1
abrupt_balanced,1496786007,pht_ht,52847,5284,5284,14352,9068,1.7161241483724452,0.3925056775170325,0.3754962505513895,44.90237799286842,47.603462904691696,34.921983803633964,0.042496864685123155,,1.3631374200379218,True,3,OK,OK,,1
abrupt_balanced,1658700540,pht_ht,52847,5284,5284,14352,9068,1.7161241483724452,0.3925056775170325,0.3754962505513895,44.90237799286842,47.603462904691696,34.921983803633964,0.042496864685123155,,1.3631374200379218,True,3,OK,OK,,1
abrupt_balanced,1737489325,pht_ht,52847,5284,5284,14352,9068,1.7161241483724452,0.3925056775170325,0.3754962505513895,44.90237799286842,47.603462904691696,34.921983803633964,0.042496864685123155,,1.3631374200379218,True,3,OK,OK,,1
abrupt_balanced,1870843651,pht_ht,52847,5284,5284,14352,9068,1.7161241483724452,0.3925056775170325,0.3754962505513895,44.90237799286842,47.603462904691696,34.921983803633964,0.042496864685123155,,1.3631374200379218,True,3,OK,OK,,1
abrupt_balanced,1944468667,pht_ht,52847,5284,5284,14352,9068,1.7161241483724452,0.3925056775170325,0.3754962505513895,44.90237799286842,47.603462904691696,34.921983803633964,0.042496864685123155,,1.3631374200379218,True,3,OK,OK,,1
gradual_balanced,76953952,pht_arf_c1,24149,2414,2414,14028,11614,4.811101905550953,0.1304888152444076,0.16256242465989323,18.142825096845627,104.38173109292984,27.248696383580622,0.07227533439001443,,3.8307054995786016,False,11,OK,OK,,1
gradual_balanced,110020020,pht_arf_c1,24149,2414,2414,14028,11614,4.811101905550953,0.13504556752278377,0.16213190976407785,17.422620058059692,125.72330591082573,27.211575994421555,0.07242603961901407,,4.620214056569136,False,13,OK,OK,,1
gradual_balanced,168388230,pht_arf_c1,24149,2414,2414,14028,11614,4.811101905550953,0.14291632145816072,0.16204580678491476,15.792451441287994,109.966164290905,27.20414229618827,0.07245627948215708,,4.042258090464149,False,16,OK,OK,,1
gradual_balanced,176092387,pht_arf_c1,24149,2414,2414,14028,11614,4.811101905550953,0.14167357083678542,0.17375581195109352,21.315882325172424,106.86750847101212,28.18634006729466,0.06862709887892068,,3.7914645255775246,False,11,OK,OK,,1
gradual_balanced,176623029,pht_arf_c1,24149,2414,2414,14028,11614,4.811101905550953,0.1379453189726595,0.16531771999311176,22.557982832193375,108.75209629535675,27.484381112144906,0.07132994593978798,,3.956869025051503,False,9,OK,OK,,1
gradual_balanced,232150720,pht_arf_c1,24149,2414,2414,14028,11614,4.811101905550953,0.14291632145816072,0.16376786636817633,27.76560553908348,83.9368397295475,27.352208474084158,0.07185769590455754,,3.0687408590453127,False,6,OK,OK,,1
gradual_balanced,233227757,pht_arf_c1,24149,2414,2414,14028,11614,4.811101905550953,0.13504556752278377,0.15929051145169623,24.276175022125244,81.3080444931984,26.964559232751053,0.07344169378268098,,3.0153670894958275,False,8,OK,OK,,1
gradual_balanced,398083709,pht_arf_c1,24149,2414,2414,14028,11614,4.811101905550953,0.12220381110190555,0.15877389357671776,20.012288749217987,97.39127039909363,26.91926675532542,0.07363036756095787,,3.61790205076172,False,11,OK,OK,,1
gradual_balanced,536987301,pht_arf_c1,24149,2414,2414,14028,11614,4.811101905550953,0.1271748135874068,0.1602376442224901,18.74382132291794,100.20979443192482,27.04729029020303,0.07309903273074846,,3.7049846160826854,False,12,OK,OK,,1
gradual_balanced,569531098,pht_arf_c1,24149,2414,2414,14028,11614,4.811101905550953,0.1507870753935377,0.16781470638884105,22.40464425086975,78.58288285136223,27.695185130844433,0.07050082201977259,,2.8374203848106294,False,10,OK,OK,,1
gradual_balanced,570914454,pht_arf_c1,24149,2414,2414,14028,11614,4.811101905550953,0.13338856669428334,0.15885999655588084,23.391805052757263,81.9633360505104,26.926823684390197,0.0735988345468639,,3.043928872235515,False,9,OK,OK,,1
gradual_balanced,592703045,pht_arf_c1,24149,2414,2414,14028,11614,4.811101905550953,0.12386081193040596,0.16583433786809024,20.35761657357216,96.95119714736938,27.52821158636012,0.07115628859593855,,3.5218850611932773,False,10,OK,OK,,1
gradual_balanced,609942288,pht_arf_c1,24149,2414,2414,14028,11614,4.811101905550953,0.1296603148301574,0.16540382297227485,14.462624788284302,69.52979442477226,27.491694049620268,0.07130092535421356,,2.529120042558187,False,16,OK,OK,,1
gradual_balanced,612016888,pht_arf_c1,24149,2414,2414,14028,11614,4.811101905550953,0.1296603148301574,0.1651455140347856,20.428909868001938,88.73524725437164,27.469745793995266,0.07138808072237136,,3.2302900769387053,False,12,OK,OK,,1
gradual_balanced,829139639,pht_arf_c1,24149,2414,2414,14028,11614,4.811101905550953,0.13545981772990887,0.1697089719304288,15.317341268062592,87.16115853190422,27.85336390683745,0.06988864181373997,,3.1292866033501925,False,15,OK,OK,,1
gradual_balanced,877132087,pht_arf_c1,24149,2414,2414,14028,11614,4.811101905550953,0.13380281690140844,0.16712588255553643,18.8278891146183,85.67149451375008,27.63729439514639,0.07072699104275411,,3.0998509944155583,False,10,OK,OK,,1
gradual_balanced,911875363,pht_arf_c1,24149,2414,2414,14028,11614,4.811101905550953,0.1300745650372825,0.15851558463922852,22.119262874126434,82.70297795534134,26.89657629720063,0.07372517732152116,,3.0748514993690472,False,10,OK,OK,,1
gradual_balanced,1129302214,pht_arf_c1,24149,2414,2414,14028,11614,4.811101905550953,0.1259320629660315,0.1610125710349578,17.584286600351334,75.8461364209652,27.11468698500257,0.0728217511053242,,2.7972344457790173,False,13,OK,OK,,1
gradual_balanced,1206282609,pht_arf_c1,24149,2414,2414,14028,11614,4.811101905550953,0.1375310687655344,0.16368176338901325,19.88652166724205,103.50902026891708,27.344835458124013,0.07188731725641306,,3.785322476247158,False,12,OK,OK,,1
gradual_balanced,1244265337,pht_arf_c1,24149,2414,2414,14028,11614,4.811101905550953,0.1396023198011599,0.16342345445152404,34.7945681810379,69.61548319458961,27.322697331751264,0.07197637413742251,,2.5478993654733566,False,6,OK,OK,,1
gradual_balanced,1258460216,pht_arf_c1,24149,2414,2414,14028,11614,4.811101905550953,0.1387738193869097,0.16721198553469951,23.764540791511536,88.78423351049423,27.6445416166647,0.07069861463486707,,3.211637029169377,False,10,OK,OK,,1
gradual_balanced,1332204363,pht_arf_c1,24149,2414,2414,14028,11614,4.811101905550953,0.14167357083678542,0.17100051661787496,25.857074826955795,88.80703130364418,27.960361211389575,0.06947929319173513,,3.176176109894778,False,8,OK,OK,,1
gradual_balanced,1337295874,pht_arf_c1,24149,2414,2414,14028,11614,4.811101905550953,0.1304888152444076,0.16815911830549338,20.2559857070446,90.8116309940815,27.724056035739252,0.07038845548145113,,3.275553579787015,False,12,OK,OK,,1
gradual_balanced,1380564739,pht_arf_c1,24149,2414,2414,14028,11614,4.811101905550953,0.1304888152444076,0.1700533838470811,14.435335844755173,74.7628322839737,27.881963761667222,0.06977885237313596,,2.6814048294101647,False,22,OK,OK,,1
gradual_balanced,1395586264,pht_arf_c1,24149,2414,2414,14028,11614,4.811101905550953,0.140016570008285,0.15343550886860685,21.189074248075485,77.03468516469002,26.444264144449924,0.07565620799202327,,2.9130961914422535,False,10,OK,OK,,1
gradual_balanced,1496786007,pht_arf_c1,24149,2414,2414,14028,11614,4.811101905550953,0.12924606462303231,0.16858963320130876,20.639413952827454,120.76819887757301,27.760075059388104,0.07024866473560491,,4.3504276778506314,False,12,OK,OK,,1
gradual_balanced,1658700540,pht_arf_c1,24149,2414,2414,14028,11614,4.811101905550953,0.1275890637945319,0.1680730153263303,30.96363177895546,94.97181928157806,27.71684295473879,0.07041650248816504,,3.426502052801096,False,6,OK,OK,,1
gradual_balanced,1737489325,pht_arf_c1,24149,2414,2414,14028,11614,4.811101905550953,0.1251035625517813,0.16540382297227485,16.4519664645195,122.56108990311623,27.491694049620268,0.07130092535421356,,4.458113409886763,False,13,OK,OK,,1
gradual_balanced,1870843651,pht_arf_c1,24149,2414,2414,14028,11614,4.811101905550953,0.1155758077879039,0.16092646805579472,16.53853264451027,109.58221554756165,27.107211412431862,0.07285242475142212,,4.04254845252379,False,13,OK,OK,,1
gradual_balanced,1944468667,pht_arf_c1,24149,2414,2414,14028,11614,4.811101905550953,0.12303231151615576,0.16359566040985019,23.491963654756546,81.78541511297226,27.33745926354035,0.07191697071295813,,2.9916977406180725,False,14,OK,OK,,1
gradual_balanced,76953952,pht_ht,24149,2414,2414,14028,11614,4.811101905550953,0.4233637116818558,0.31375925607026,132.5039466023445,185.70852315425873,36.359435070098655,0.046181356319869304,,5.107574493284195,False,2,OK,OK,,1
gradual_balanced,110020020,pht_ht,24149,2414,2414,14028,11614,4.811101905550953,0.4233637116818558,0.31375925607026,132.5039466023445,185.70852315425873,36.359435070098655,0.046181356319869304,,5.107574493284195,False,2,OK,OK,,1
gradual_balanced,168388230,pht_ht,24149,2414,2414,14028,11614,4.811101905550953,0.4233637116818558,0.31375925607026,132.5039466023445,185.70852315425873,36.359435070098655,0.046181356319869304,,5.107574493284195,False,2,OK,OK,,1
gradual_balanced,176092387,pht_ht,24149,2414,2414,14028,11614,4.811101905550953,0.4233637116818558,0.31375925607026,132.5039466023445,185.70852315425873,36.359435070098655,0.046181356319869304,,5.107574493284195,False,2,OK,OK,,1
gradual_balanced,176623029,pht_ht,24149,2414,2414,14028,11614,4.811101905550953,0.4233637116818558,0.31375925607026,132.5039466023445,185.70852315425873,36.359435070098655,0.046181356319869304,,5.107574493284195,False,2,OK,OK,,1
gradual_balanced,232150720,pht_ht,24149,2414,2414,14028,11614,4.811101905550953,0.4233637116818558,0.31375925607026,132.5039466023445,185.70852315425873,36.359435070098655,0.046181356319869304,,5.107574493284195,False,2,OK,OK,,1
gradual_balanced,233227757,pht_ht,24149,2414,2414,14028,11614,4.811101905550953,0.4233637116818558,0.31375925607026,132.5039466023445,185.70852315425873,36.359435070098655,0.046181356319869304,,5.107574493284195,False,2,OK,OK,,1
gradual_balanced,398083709,pht_ht,24149,2414,2414,14028,11614,4.811101905550953,0.4233637116818558,0.31375925607026,132.5039466023445,185.70852315425873,36.359435070098655,0.046181356319869304,,5.107574493284195,False,2,OK,OK,,1
gradual_balanced,536987301,pht_ht,24149,2414,2414,14028,11614,4.811101905550953,0.4233637116818558,0.31375925607026,132.5039466023445,185.70852315425873,36.359435070098655,0.046181356319869304,,5.107574493284195,False,2,OK,OK,,1
gradual_balanced,569531098,pht_ht,24149,2414,2414,14028,11614,4.811101905550953,0.4233637116818558,0.31375925607026,132.5039466023445,185.70852315425873,36.359435070098655,0.046181356319869304,,5.107574493284195,False,2,OK,OK,,1
gradual_balanced,570914454,pht_ht,24149,2414,2414,14028,11614,4.811101905550953,0.4233637116818558,0.31375925607026,132.5039466023445,185.70852315425873,36.359435070098655,0.046181356319869304,,5.107574493284195,False,2,OK,OK,,1
gradual_balanced,592703045,pht_ht,24149,2414,2414,14028,11614,4.811101905550953,0.4233637116818558,0.31375925607026,132.5039466023445,185.70852315425873,36.359435070098655,0.046181356319869304,,5.107574493284195,False,2,OK,OK,,1
gradual_balanced,609942288,pht_ht,24149,2414,2414,14028,11614,4.811101905550953,0.4233637116818558,0.31375925607026,132.5039466023445,185.70852315425873,36.359435070098655,0.046181356319869304,,5.107574493284195,False,2,OK,OK,,1
gradual_balanced,612016888,pht_ht,24149,2414,2414,14028,11614,4.811101905550953,0.4233637116818558,0.31375925607026,132.5039466023445,185.70852315425873,36.359435070098655,0.046181356319869304,,5.107574493284195,False,2,OK,OK,,1
gradual_balanced,829139639,pht_ht,24149,2414,2414,14028,11614,4.811101905550953,0.4233637116818558,0.31375925607026,132.5039466023445,185.70852315425873,36.359435070098655,0.046181356319869304,,5.107574493284195,False,2,OK,OK,,1
gradual_balanced,877132087,pht_ht,24149,2414,2414,14028,11614,4.811101905550953,0.4233637116818558,0.31375925607026,132.5039466023445,185.70852315425873,36.359435070098655,0.046181356319869304,,5.107574493284195,False,2,OK,OK,,1
gradual_balanced,911875363,pht_ht,24149,2414,2414,14028,11614,4.811101905550953,0.4233637116818558,0.31375925607026,132.5039466023445,185.70852315425873,36.359435070098655,0.046181356319869304,,5.107574493284195,False,2,OK,OK,,1
gradual_balanced,1129302214,pht_ht,24149,2414,2414,14028,11614,4.811101905550953,0.4233637116818558,0.31375925607026,132.5039466023445,185.70852315425873,36.359435070098655,0.046181356319869304,,5.107574493284195,False,2,OK,OK,,1
gradual_balanced,1206282609,pht_ht,24149,2414,2414,14028,11614,4.811101905550953,0.4233637116818558,0.31375925607026,132.5039466023445,185.70852315425873,36.359435070098655,0.046181356319869304,,5.107574493284195,False,2,OK,OK,,1
gradual_balanced,1244265337,pht_ht,24149,2414,2414,14028,11614,4.811101905550953,0.4233637116818558,0.31375925607026,132.5039466023445,185.70852315425873,36.359435070098655,0.046181356319869304,,5.107574493284195,False,2,OK,OK,,1
gradual_balanced,1258460216,pht_ht,24149,2414,2414,14028,11614,4.811101905550953,0.4233637116818558,0.31375925607026,132.5039466023445,185.70852315425873,36.359435070098655,0.046181356319869304,,5.107574493284195,False,2,OK,OK,,1
gradual_balanced,1332204363,pht_ht,24149,2414,2414,14028,11614,4.811101905550953,0.4233637116818558,0.31375925607026,132.5039466023445,185.70852315425873,36.359435070098655,0.046181356319869304,,5.107574493284195,False,2,OK,OK,,1
gradual_balanced,1337295874,pht_ht,24149,2414,2414,14028,11614,4.811101905550953,0.4233637116818558,0.31375925607026,132.5039466023445,185.70852315425873,36.359435070098655,0.046181356319869304,,5.107574493284195,False,2,OK,OK,,1
gradual_balanced,1380564739,pht_ht,24149,2414,2414,14028,11614,4.811101905550953,0.4233637116818558,0.31375925607026,132.5039466023445,185.70852315425873,36.359435070098655,0.046181356319869304,,5.107574493284195,False,2,OK,OK,,1
gradual_balanced,1395586264,pht_ht,24149,2414,2414,14028,11614,4.811101905550953,0.4233637116818558,0.31375925607026,132.5039466023445,185.70852315425873,36.359435070098655,0.046181356319869304,,5.107574493284195,False,2,OK,OK,,1
gradual_balanced,1496786007,pht_ht,24149,2414,2414,14028,11614,4.811101905550953,0.4233637116818558,0.31375925607026,132.5039466023445,185.70852315425873,36.359435070098655,0.046181356319869304,,5.107574493284195,False,2,OK,OK,,1
gradual_balanced,1658700540,pht_ht,24149,2414,2414,14028,11614,4.811101905550953,0.4233637116818558,0.31375925607026,132.5039466023445,185.70852315425873,36.359435070098655,0.046181356319869304,,5.107574493284195,False,2,OK,OK,,1
gradual_balanced,1737489325,pht_ht,24149,2414,2414,14028,11614,4.811101905550953,0.4233637116818558,0.31375925607026,132.5039466023445,185.70852315425873,36.359435070098655,0.046181356319869304,,5.107574493284195,False,2,OK,OK,,1
gradual_balanced,1870843651,pht_ht,24149,2414,2414,14028,11614,4.811101905550953,0.4233637116818558,0.31375925607026,132.5039466023445,185.70852315425873,36.359435070098655,0.046181356319869304,,5.107574493284195,False,2,OK,OK,,1
gradual_balanced,1944468667,pht_ht,24149,2414,2414,14028,11614,4.811101905550953,0.4233637116818558,0.31375925607026,132.5039466023445,185.70852315425873,36.359435070098655,0.046181356319869304,,5.107574493284195,False,2,OK,OK,,1
incremental_reoccurring_balanced,76953952,pht_arf_c1,79985,7998,7998,26568,18570,2.3218304576144035,0.3062015503875969,0.2280560043080237,77.8554354608059,220.6092378795147,37.72570055312653,0.05623087962115411,,5.847717461703481,False,2,OK,OK,,1
incremental_reoccurring_balanced,110020020,pht_arf_c1,79985,7998,7998,26568,18570,2.3218304576144035,0.3008252063015754,0.2323101777059774,69.59707245230675,237.13402417302132,38.044657276630055,0.0555229326139971,,6.233044036874192,False,3,OK,OK,,1
incremental_reoccurring_balanced,168388230,pht_arf_c1,79985,7998,7998,26568,18570,2.3218304576144035,0.3043260815203801,0.2310177705977383,69.61798158288002,215.87931296229362,37.94847107337792,0.05573492337614101,,5.6887486335052895,False,3,OK,OK,,1
incremental_reoccurring_balanced,176092387,pht_arf_c1,79985,7998,7998,26568,18570,2.3218304576144035,0.30257564391097774,0.23376413570274637,79.1626427769661,223.22586834430695,38.152129130882486,0.055287583216904204,,5.850941308636307,False,3,OK,OK,,1
incremental_reoccurring_balanced,176623029,pht_arf_c1,79985,7998,7998,26568,18570,2.3218304576144035,0.3008252063015754,0.23010231556273558,72.62923842668533,237.57161390781403,37.87996414567367,0.05588669700100332,,6.271695849399252,False,5,OK,OK,,1
incremental_reoccurring_balanced,232150720,pht_arf_c1,79985,7998,7998,26568,18570,2.3218304576144035,0.3010752688172043,0.2323101777059774,82.49638503789902,235.44374552369118,38.044657276630055,0.0555229326139971,,6.188615232139804,False,3,OK,OK,,1
incremental_reoccurring_balanced,233227757,pht_arf_c1,79985,7998,7998,26568,18570,2.3218304576144035,0.30595148787196796,0.22773290253096393,80.63547241687775,262.77148842811584,37.70119976693126,0.05628585474551205,,6.969844197335062,False,2,OK,OK,,1
incremental_reoccurring_balanced,398083709,pht_arf_c1,79985,7998,7998,26568,18570,2.3218304576144035,0.30007501875468867,0.22660204631125472,82.83833706378937,234.16045135259628,37.61513773399254,0.056479641724002376,,6.225165331269999,False,3,OK,OK,,1
incremental_reoccurring_balanced,536987301,pht_arf_c1,79985,7998,7998,26568,18570,2.3218304576144035,0.3040760190047512,0.23516424340333872,95.37814942002296,213.70352905988693,38.25488607325258,0.055064040352567734,,5.586306770086194,False,2,OK,OK,,1
incremental_reoccurring_balanced,569531098,pht_arf_c1,79985,7998,7998,26568,18570,2.3218304576144035,0.3080770192548137,0.23559504577275175,82.4131797850132,228.13210809230804,38.28635918816149,0.054995859772173986,,5.958574096093438,False,3,OK,OK,,1
incremental_reoccurring_balanced,570914454,pht_arf_c1,79985,7998,7998,26568,18570,2.3218304576144035,0.30332583145786446,0.23187937533656436,73.41957679390907,259.4839812219143,38.01266393225878,0.05559330204854195,,6.826250895868094,False,4,OK,OK,,1
incremental_reoccurring_balanced,592703045,pht_arf_c1,79985,7998,7998,26568,18570,2.3218304576144035,0.3040760190047512,0.2334948842218632,77.61762756109238,244.0001156926155,38.13228568332279,0.05533091811303285,,6.398780228359857,False,3,OK,OK,,1
incremental_reoccurring_balanced,609942288,pht_arf_c1,79985,7998,7998,26568,18570,2.3218304576144035,0.3108277069267317,0.23516424340333872,87.36492589116096,278.90261498093605,38.25488607325258,0.055064040352567734,,7.290640323614554,False,4,OK,OK,,1
incremental_reoccurring_balanced,612016888,pht_arf_c1,79985,7998,7998,26568,18570,2.3218304576144035,0.3064516129032258,0.23209477652127086,80.84303197264671,250.43462550640106,38.028669183616366,0.05555808072418169,,6.585416499778386,False,2,OK,OK,,1
incremental_reoccurring_balanced,829139639,pht_arf_c1,79985,7998,7998,26568,18570,2.3218304576144035,0.29769942485621403,0.229025309639203,72.06919792294502,229.42936646938324,37.798967981270344,0.056066990591754684,,6.069725675660433,False,4,OK,OK,,1
incremental_reoccurring_balanced,877132087,pht_arf_c1,79985,7998,7998,26568,18570,2.3218304576144035,0.3057014253563391,0.2345718901453958,77.36662876605988,222.90900430083275,38.21149968845295,0.05515824958399748,,5.833558120415596,False,3,OK,OK,,1
incremental_reoccurring_balanced,911875363,pht_arf_c1,79985,7998,7998,26568,18570,2.3218304576144035,0.3115778944736184,0.23247172859450727,89.16256088018417,229.277024269104,38.05663709435262,0.05549661946186082,,6.024626498149711,False,3,OK,OK,,1
incremental_reoccurring_balanced,1129302214,pht_arf_c1,79985,7998,7998,26568,18570,2.3218304576144035,0.30257564391097774,0.2331179321486268,56.95692303776741,248.73917162418365,38.10446003860607,0.05539177597461126,,6.527823025760503,False,5,OK,OK,,1
incremental_reoccurring_balanced,1206282609,pht_arf_c1,79985,7998,7998,26568,18570,2.3218304576144035,0.3009502375593898,0.23338718362950997,82.20117369294167,252.26829379796982,38.12434083703199,0.0553482835381769,,6.616987684490787,False,4,OK,OK,,1
incremental_reoccurring_balanced,1244265337,pht_arf_c1,79985,7998,7998,26568,18570,2.3218304576144035,0.30282570642660667,0.22897145934302637,61.136444091796875,204.9679590165615,37.794906799311754,0.0560760549657013,,5.423163499381721,False,4,OK,OK,,1
incremental_reoccurring_balanced,1258460216,pht_arf_c1,79985,7998,7998,26568,18570,2.3218304576144035,0.29769942485621403,0.23295638126009693,71.55482736229897,220.8373050391674,38.092518740237715,0.05541792563981021,,5.79739309298793,False,3,OK,OK,,1
incremental_reoccurring_balanced,1332204363,pht_arf_c1,79985,7998,7998,26568,18570,2.3218304576144035,0.3049512378094524,0.2326871297792138,85.25490313768387,255.26952734589577,38.0725951926829,0.05546159901195295,,6.704810272428068,False,4,OK,OK,,1
incremental_reoccurring_balanced,1337295874,pht_arf_c1,79985,7998,7998,26568,18570,2.3218304576144035,0.30145036259064767,0.2299407646742057,75.64523923397064,224.69225868582726,37.867842309889035,0.05591362083700406,,5.933590217448164,False,2,OK,OK,,1
incremental_reoccurring_balanced,1380564739,pht_arf_c1,79985,7998,7998,26568,18570,2.3218304576144035,0.30545136284071017,0.231933225632741,83.2059867978096,211.5906658768654,38.01666685442365,0.055584489843045336,,5.56573427878632,False,3,OK,OK,,1
incremental_reoccurring_balanced,1395586264,pht_arf_c1,79985,7998,7998,26568,18570,2.3218304576144035,0.3043260815203801,0.23257942918686053,77.20421865582466,241.95557153224945,38.064618284520456,0.0554791001393698,,6.356442871007176,False,2,OK,OK,,1
incremental_reoccurring_balanced,1496786007,pht_arf_c1,79985,7998,7998,26568,18570,2.3218304576144035,0.3084521130282571,0.23532579429186862,73.04309347271919,201.83762720227242,38.26669644007827,0.05503843965399416,,5.2744983491932595,False,3,OK,OK,,1
incremental_reoccurring_balanced,1658700540,pht_arf_c1,79985,7998,7998,26568,18570,2.3218304576144035,0.3063265816454114,0.23279483037156704,73.91489714384079,253.46622636914253,38.0805678205067,0.055444116055658486,,6.656051652482159,False,3,OK,OK,,1
incremental_reoccurring_balanced,1737489325,pht_arf_c1,79985,7998,7998,26568,18570,2.3218304576144035,0.2961990497624406,0.23430263866451265,70.22062852978706,206.4417552947998,38.19173610765379,0.05520124931802948,,5.405403795022242,False,3,OK,OK,,1
incremental_reoccurring_balanced,1870843651,pht_arf_c1,79985,7998,7998,26568,18570,2.3218304576144035,0.3050762690672668,0.2297792137856758,93.99306079745293,224.19858905673027,37.85571074593333,0.05594058696506075,,5.922450923228668,False,2,OK,OK,,1
incremental_reoccurring_balanced,1944468667,pht_arf_c1,79985,7998,7998,26568,18570,2.3218304576144035,0.3035758939734934,0.2294022617124394,83.33280974626541,239.6439228951931,37.82736589877887,0.056003672877077734,,6.335199853366718,False,2,OK,OK,,1
incremental_reoccurring_balanced,76953952,pht_ht,79985,7998,7998,26568,18570,2.3218304576144035,0.4134783695923981,0.3998384491114701,182.46851506829262,191.28553554415703,46.02373806867172,0.041559597970707234,,4.156236402587315,False,4,OK,NOT ATTAINABLE,"3 alarms at lambda = 191.2855 over a span of 18570 steps, target 1",3
incremental_reoccurring_balanced,110020020,pht_ht,79985,7998,7998,26568,18570,2.3218304576144035,0.4134783695923981,0.3998384491114701,182.46851506829262,191.28553554415703,46.02373806867172,0.041559597970707234,,4.156236402587315,False,4,OK,NOT ATTAINABLE,"3 alarms at lambda = 191.2855 over a span of 18570 steps, target 1",3
incremental_reoccurring_balanced,168388230,pht_ht,79985,7998,7998,26568,18570,2.3218304576144035,0.4134783695923981,0.3998384491114701,182.46851506829262,191.28553554415703,46.02373806867172,0.041559597970707234,,4.156236402587315,False,4,OK,NOT ATTAINABLE,"3 alarms at lambda = 191.2855 over a span of 18570 steps, target 1",3
incremental_reoccurring_balanced,176092387,pht_ht,79985,7998,7998,26568,18570,2.3218304576144035,0.4134783695923981,0.3998384491114701,182.46851506829262,191.28553554415703,46.02373806867172,0.041559597970707234,,4.156236402587315,False,4,OK,NOT ATTAINABLE,"3 alarms at lambda = 191.2855 over a span of 18570 steps, target 1",3
incremental_reoccurring_balanced,176623029,pht_ht,79985,7998,7998,26568,18570,2.3218304576144035,0.4134783695923981,0.3998384491114701,182.46851506829262,191.28553554415703,46.02373806867172,0.041559597970707234,,4.156236402587315,False,4,OK,NOT ATTAINABLE,"3 alarms at lambda = 191.2855 over a span of 18570 steps, target 1",3
incremental_reoccurring_balanced,232150720,pht_ht,79985,7998,7998,26568,18570,2.3218304576144035,0.4134783695923981,0.3998384491114701,182.46851506829262,191.28553554415703,46.02373806867172,0.041559597970707234,,4.156236402587315,False,4,OK,NOT ATTAINABLE,"3 alarms at lambda = 191.2855 over a span of 18570 steps, target 1",3
incremental_reoccurring_balanced,233227757,pht_ht,79985,7998,7998,26568,18570,2.3218304576144035,0.4134783695923981,0.3998384491114701,182.46851506829262,191.28553554415703,46.02373806867172,0.041559597970707234,,4.156236402587315,False,4,OK,NOT ATTAINABLE,"3 alarms at lambda = 191.2855 over a span of 18570 steps, target 1",3
incremental_reoccurring_balanced,398083709,pht_ht,79985,7998,7998,26568,18570,2.3218304576144035,0.4134783695923981,0.3998384491114701,182.46851506829262,191.28553554415703,46.02373806867172,0.041559597970707234,,4.156236402587315,False,4,OK,NOT ATTAINABLE,"3 alarms at lambda = 191.2855 over a span of 18570 steps, target 1",3
incremental_reoccurring_balanced,536987301,pht_ht,79985,7998,7998,26568,18570,2.3218304576144035,0.4134783695923981,0.3998384491114701,182.46851506829262,191.28553554415703,46.02373806867172,0.041559597970707234,,4.156236402587315,False,4,OK,NOT ATTAINABLE,"3 alarms at lambda = 191.2855 over a span of 18570 steps, target 1",3
incremental_reoccurring_balanced,569531098,pht_ht,79985,7998,7998,26568,18570,2.3218304576144035,0.4134783695923981,0.3998384491114701,182.46851506829262,191.28553554415703,46.02373806867172,0.041559597970707234,,4.156236402587315,False,4,OK,NOT ATTAINABLE,"3 alarms at lambda = 191.2855 over a span of 18570 steps, target 1",3
incremental_reoccurring_balanced,570914454,pht_ht,79985,7998,7998,26568,18570,2.3218304576144035,0.4134783695923981,0.3998384491114701,182.46851506829262,191.28553554415703,46.02373806867172,0.041559597970707234,,4.156236402587315,False,4,OK,NOT ATTAINABLE,"3 alarms at lambda = 191.2855 over a span of 18570 steps, target 1",3
incremental_reoccurring_balanced,592703045,pht_ht,79985,7998,7998,26568,18570,2.3218304576144035,0.4134783695923981,0.3998384491114701,182.46851506829262,191.28553554415703,46.02373806867172,0.041559597970707234,,4.156236402587315,False,4,OK,NOT ATTAINABLE,"3 alarms at lambda = 191.2855 over a span of 18570 steps, target 1",3
incremental_reoccurring_balanced,609942288,pht_ht,79985,7998,7998,26568,18570,2.3218304576144035,0.4134783695923981,0.3998384491114701,182.46851506829262,191.28553554415703,46.02373806867172,0.041559597970707234,,4.156236402587315,False,4,OK,NOT ATTAINABLE,"3 alarms at lambda = 191.2855 over a span of 18570 steps, target 1",3
incremental_reoccurring_balanced,612016888,pht_ht,79985,7998,7998,26568,18570,2.3218304576144035,0.4134783695923981,0.3998384491114701,182.46851506829262,191.28553554415703,46.02373806867172,0.041559597970707234,,4.156236402587315,False,4,OK,NOT ATTAINABLE,"3 alarms at lambda = 191.2855 over a span of 18570 steps, target 1",3
incremental_reoccurring_balanced,829139639,pht_ht,79985,7998,7998,26568,18570,2.3218304576144035,0.4134783695923981,0.3998384491114701,182.46851506829262,191.28553554415703,46.02373806867172,0.041559597970707234,,4.156236402587315,False,4,OK,NOT ATTAINABLE,"3 alarms at lambda = 191.2855 over a span of 18570 steps, target 1",3
incremental_reoccurring_balanced,877132087,pht_ht,79985,7998,7998,26568,18570,2.3218304576144035,0.4134783695923981,0.3998384491114701,182.46851506829262,191.28553554415703,46.02373806867172,0.041559597970707234,,4.156236402587315,False,4,OK,NOT ATTAINABLE,"3 alarms at lambda = 191.2855 over a span of 18570 steps, target 1",3
incremental_reoccurring_balanced,911875363,pht_ht,79985,7998,7998,26568,18570,2.3218304576144035,0.4134783695923981,0.3998384491114701,182.46851506829262,191.28553554415703,46.02373806867172,0.041559597970707234,,4.156236402587315,False,4,OK,NOT ATTAINABLE,"3 alarms at lambda = 191.2855 over a span of 18570 steps, target 1",3
incremental_reoccurring_balanced,1129302214,pht_ht,79985,7998,7998,26568,18570,2.3218304576144035,0.4134783695923981,0.3998384491114701,182.46851506829262,191.28553554415703,46.02373806867172,0.041559597970707234,,4.156236402587315,False,4,OK,NOT ATTAINABLE,"3 alarms at lambda = 191.2855 over a span of 18570 steps, target 1",3
incremental_reoccurring_balanced,1206282609,pht_ht,79985,7998,7998,26568,18570,2.3218304576144035,0.4134783695923981,0.3998384491114701,182.46851506829262,191.28553554415703,46.02373806867172,0.041559597970707234,,4.156236402587315,False,4,OK,NOT ATTAINABLE,"3 alarms at lambda = 191.2855 over a span of 18570 steps, target 1",3
incremental_reoccurring_balanced,1244265337,pht_ht,79985,7998,7998,26568,18570,2.3218304576144035,0.4134783695923981,0.3998384491114701,182.46851506829262,191.28553554415703,46.02373806867172,0.041559597970707234,,4.156236402587315,False,4,OK,NOT ATTAINABLE,"3 alarms at lambda = 191.2855 over a span of 18570 steps, target 1",3
incremental_reoccurring_balanced,1258460216,pht_ht,79985,7998,7998,26568,18570,2.3218304576144035,0.4134783695923981,0.3998384491114701,182.46851506829262,191.28553554415703,46.02373806867172,0.041559597970707234,,4.156236402587315,False,4,OK,NOT ATTAINABLE,"3 alarms at lambda = 191.2855 over a span of 18570 steps, target 1",3
incremental_reoccurring_balanced,1332204363,pht_ht,79985,7998,7998,26568,18570,2.3218304576144035,0.4134783695923981,0.3998384491114701,182.46851506829262,191.28553554415703,46.02373806867172,0.041559597970707234,,4.156236402587315,False,4,OK,NOT ATTAINABLE,"3 alarms at lambda = 191.2855 over a span of 18570 steps, target 1",3
incremental_reoccurring_balanced,1337295874,pht_ht,79985,7998,7998,26568,18570,2.3218304576144035,0.4134783695923981,0.3998384491114701,182.46851506829262,191.28553554415703,46.02373806867172,0.041559597970707234,,4.156236402587315,False,4,OK,NOT ATTAINABLE,"3 alarms at lambda = 191.2855 over a span of 18570 steps, target 1",3
incremental_reoccurring_balanced,1380564739,pht_ht,79985,7998,7998,26568,18570,2.3218304576144035,0.4134783695923981,0.3998384491114701,182.46851506829262,191.28553554415703,46.02373806867172,0.041559597970707234,,4.156236402587315,False,4,OK,NOT ATTAINABLE,"3 alarms at lambda = 191.2855 over a span of 18570 steps, target 1",3
incremental_reoccurring_balanced,1395586264,pht_ht,79985,7998,7998,26568,18570,2.3218304576144035,0.4134783695923981,0.3998384491114701,182.46851506829262,191.28553554415703,46.02373806867172,0.041559597970707234,,4.156236402587315,False,4,OK,NOT ATTAINABLE,"3 alarms at lambda = 191.2855 over a span of 18570 steps, target 1",3
incremental_reoccurring_balanced,1496786007,pht_ht,79985,7998,7998,26568,18570,2.3218304576144035,0.4134783695923981,0.3998384491114701,182.46851506829262,191.28553554415703,46.02373806867172,0.041559597970707234,,4.156236402587315,False,4,OK,NOT ATTAINABLE,"3 alarms at lambda = 191.2855 over a span of 18570 steps, target 1",3
incremental_reoccurring_balanced,1658700540,pht_ht,79985,7998,7998,26568,18570,2.3218304576144035,0.4134783695923981,0.3998384491114701,182.46851506829262,191.28553554415703,46.02373806867172,0.041559597970707234,,4.156236402587315,False,4,OK,NOT ATTAINABLE,"3 alarms at lambda = 191.2855 over a span of 18570 steps, target 1",3
incremental_reoccurring_balanced,1737489325,pht_ht,79985,7998,7998,26568,18570,2.3218304576144035,0.4134783695923981,0.3998384491114701,182.46851506829262,191.28553554415703,46.02373806867172,0.041559597970707234,,4.156236402587315,False,4,OK,NOT ATTAINABLE,"3 alarms at lambda = 191.2855 over a span of 18570 steps, target 1",3
incremental_reoccurring_balanced,1870843651,pht_ht,79985,7998,7998,26568,18570,2.3218304576144035,0.4134783695923981,0.3998384491114701,182.46851506829262,191.28553554415703,46.02373806867172,0.041559597970707234,,4.156236402587315,False,4,OK,NOT ATTAINABLE,"3 alarms at lambda = 191.2855 over a span of 18570 steps, target 1",3
incremental_reoccurring_balanced,1944468667,pht_ht,79985,7998,7998,26568,18570,2.3218304576144035,0.4134783695923981,0.3998384491114701,182.46851506829262,191.28553554415703,46.02373806867172,0.041559597970707234,,4.156236402587315,False,4,OK,NOT ATTAINABLE,"3 alarms at lambda = 191.2855 over a span of 18570 steps, target 1",3
