arm,delta_e,n,p0_hat,p1_hat,n_errors_pre,detection_rate,warm_start_complete_at_tau,pre_drift_alarm_rate,median_tau_det,level_tests_zero,median_level_tests,median_min_level,max_update_share
full,0.028186,100,0.024,0.03,24.0,0.91,0.05,0.02,233.0,0.0,53.5,0.7339061526265847,4.0
full,0.085449,100,0.024,0.075,24.0,0.98,0.05,0.02,85.0,0.0,73.0,0.5729259553450201,4.0
full,0.140949,100,0.024,0.12,24.0,0.98,0.05,0.02,54.5,0.0,84.0,0.5295138508666606,4.0
full,0.193621,100,0.024,0.1525,24.0,0.98,0.05,0.02,39.5,0.0,89.0,0.5122418503976853,4.0
full,0.242568,100,0.024,0.165,24.0,0.98,0.05,0.02,30.5,0.0,86.5,0.5218747700003452,4.0
full,0.287108,100,0.024,0.17,24.0,0.98,0.05,0.02,29.0,0.0,81.5,0.5372771455371834,4.0
full,0.326793,100,0.024,0.175,24.0,0.98,0.05,0.02,24.0,0.0,77.0,0.5326444831781468,4.0
full,0.361418,100,0.024,0.165,24.0,0.98,0.05,0.02,21.0,0.0,71.0,0.5445585353088478,4.0
full,0.390998,100,0.024,0.165,24.0,0.98,0.05,0.02,19.5,0.0,65.5,0.5621912217260705,4.0
full,0.415743,100,0.024,0.15,24.0,0.98,0.05,0.02,18.0,0.0,60.0,0.5542576462237432,4.0
full,0.436013,100,0.024,0.145,24.0,0.98,0.05,0.02,17.0,0.0,56.0,0.5707262962353186,4.0
full,0.452271,100,0.024,0.135,24.0,0.98,0.05,0.02,17.0,0.0,51.5,0.5918236165212423,4.5
full,0.46504,100,0.024,0.13,24.0,0.98,0.05,0.02,16.0,0.0,47.0,0.6025056658696997,5.0
full,0.47486,100,0.024,0.125,24.0,0.98,0.05,0.02,16.0,0.0,43.0,0.6050243539435847,6.0
full,0.482255,100,0.024,0.1175,24.0,0.98,0.05,0.02,15.0,0.0,37.0,0.6157115782327909,7.0
full,0.487707,100,0.024,0.1125,24.0,0.98,0.05,0.02,15.0,0.0,31.5,0.6319891906940356,8.0
full,0.491644,100,0.024,0.11,24.0,0.98,0.05,0.02,15.0,0.0,27.0,0.6279195337400745,9.0
full,0.494428,100,0.024,0.11,24.0,0.98,0.05,0.02,15.0,0.0,22.0,0.6296228609612975,8.0
full,0.496355,100,0.024,0.105,24.0,0.98,0.05,0.02,14.5,0.0,19.0,0.6356632178063336,7.0
full,0.497661,100,0.024,0.105,24.0,0.98,0.05,0.02,14.5,0.0,16.0,0.6403494100330422,7.0
no_swap,0.028186,100,0.024,0.035,24.0,0.89,0.05,0.02,231.0,0.0,38.5,0.7504099731841709,5.0
no_swap,0.085449,100,0.024,0.075,24.0,0.98,0.05,0.02,85.0,0.0,65.0,0.5729259553450201,4.0
no_swap,0.140949,100,0.024,0.12,24.0,0.98,0.05,0.02,54.5,0.0,76.0,0.528468998563591,4.0
no_swap,0.193621,100,0.024,0.155,24.0,0.98,0.05,0.02,39.5,0.0,80.0,0.5100681310422006,4.0
no_swap,0.242568,100,0.024,0.18,24.0,0.98,0.05,0.02,30.5,0.0,82.0,0.5006786938326647,4.0
no_swap,0.287108,100,0.024,0.1975,24.0,0.98,0.05,0.02,29.0,0.0,81.0,0.5045951724332239,4.0
no_swap,0.326793,100,0.024,0.21,24.0,0.98,0.05,0.02,24.0,0.0,80.0,0.5060452091674587,4.0
no_swap,0.361418,100,0.024,0.2125,24.0,0.98,0.05,0.02,21.0,0.0,80.5,0.4850831946052671,4.0
no_swap,0.390998,100,0.024,0.225,24.0,0.98,0.05,0.02,19.5,0.0,77.0,0.48788298281661124,4.0
no_swap,0.415743,100,0.024,0.225,24.0,0.98,0.05,0.02,18.0,0.0,75.0,0.4868425241619674,4.0
no_swap,0.436013,100,0.024,0.2225,24.0,0.98,0.05,0.02,17.0,0.0,68.0,0.49116259508904464,4.0
no_swap,0.452271,100,0.024,0.225,24.0,0.98,0.05,0.02,17.0,0.0,65.5,0.5083971307923667,5.0
no_swap,0.46504,100,0.024,0.22,24.0,0.98,0.05,0.02,16.0,0.0,61.0,0.5089105386708823,5.0
no_swap,0.47486,100,0.024,0.2225,24.0,0.98,0.05,0.02,16.0,0.0,59.0,0.514376831781304,5.0
no_swap,0.482255,100,0.024,0.215,24.0,0.98,0.05,0.02,15.0,0.0,55.0,0.5147678904948587,6.0
no_swap,0.487707,100,0.024,0.2125,24.0,0.98,0.05,0.02,15.0,0.0,49.5,0.5204329889552909,6.5
no_swap,0.491644,100,0.024,0.205,24.0,0.98,0.05,0.02,15.0,0.0,46.0,0.5230326787164434,7.0
no_swap,0.494428,100,0.024,0.2025,24.0,0.98,0.05,0.02,15.0,0.0,42.5,0.5238236733947392,7.0
no_swap,0.496355,100,0.024,0.2,24.0,0.98,0.05,0.02,14.5,0.0,39.0,0.5253906468347502,6.0
no_swap,0.497661,100,0.024,0.2,24.0,0.98,0.05,0.02,14.5,0.0,38.0,0.5253906468347502,6.0
frozen,0.028186,100,0.024,0.035,24.0,0.97,0.05,0.02,255.0,0.0,73.5,0.633353996007765,3.5
frozen,0.085449,100,0.024,0.075,24.0,0.98,0.05,0.02,86.0,0.0,119.0,0.47431111670118614,3.5
frozen,0.140949,100,0.024,0.1225,24.0,0.98,0.05,0.02,54.5,0.0,169.0,0.3908482006524602,3.5
frozen,0.193621,100,0.024,0.16,24.0,0.98,0.05,0.02,39.5,0.0,310.5,0.2732990021565398,3.5
frozen,0.242568,100,0.024,0.205,24.0,0.98,0.05,0.02,30.5,0.0,470.5,0.22001053287620115,3.5
frozen,0.287108,100,0.024,0.26,24.0,0.98,0.05,0.02,28.5,0.0,616.0,0.19258468483754962,3.5
frozen,0.326793,100,0.024,0.3,24.0,0.98,0.05,0.02,24.0,0.0,729.0,0.17368101269566322,3.5
frozen,0.361418,100,0.024,0.335,24.0,0.98,0.05,0.02,21.0,0.0,819.0,0.15957259763561005,3.5
frozen,0.390998,100,0.024,0.37,24.0,0.98,0.05,0.02,19.5,0.0,900.0,0.15294648085104487,3.5
frozen,0.415743,100,0.024,0.3975,24.0,0.98,0.05,0.02,18.0,0.0,971.0,0.14738870153147637,3.5
frozen,0.436013,100,0.024,0.42,24.0,0.98,0.05,0.02,17.0,0.0,1028.5,0.14005462017249132,3.5
frozen,0.452271,100,0.024,0.44,24.0,0.98,0.05,0.02,17.0,0.0,1077.0,0.13711968675292288,3.5
frozen,0.46504,100,0.024,0.45,24.0,0.98,0.05,0.02,16.0,0.0,1107.0,0.13296307246821343,3.5
frozen,0.47486,100,0.024,0.46,24.0,0.98,0.05,0.02,16.0,0.0,1138.0,0.13101298406359194,3.5
frozen,0.482255,100,0.024,0.465,24.0,0.98,0.05,0.02,15.0,0.0,1153.0,0.12975210428718786,3.5
frozen,0.487707,100,0.024,0.475,24.0,0.98,0.05,0.02,15.0,0.0,1168.0,0.12991186899929494,3.5
frozen,0.491644,100,0.024,0.475,24.0,0.98,0.05,0.02,15.0,0.0,1180.0,0.129385374417096,3.5
frozen,0.494428,100,0.024,0.48,24.0,0.98,0.05,0.02,15.0,0.0,1185.0,0.12898777958627936,3.5
frozen,0.496355,100,0.024,0.485,24.0,0.98,0.05,0.02,14.5,0.0,1190.5,0.12880504475743243,3.5
frozen,0.497661,100,0.024,0.485,24.0,0.98,0.05,0.02,14.5,0.0,1194.0,0.12866140647121577,3.5
static,0.028186,100,0.033,0.04,33.0,0.39,0.6,0.6,-61.0,0.0,64.5,0.4414089920157046,3.0
static,0.085449,100,0.033,0.07,33.0,0.4,0.6,0.6,-56.5,0.0,79.0,0.38567574896550666,3.0
static,0.140949,100,0.033,0.1125,33.0,0.4,0.6,0.6,-56.5,0.0,98.0,0.33809604749759903,3.0
static,0.193621,100,0.033,0.1575,33.0,0.4,0.6,0.6,-56.5,0.0,124.5,0.29999873422659906,3.0
static,0.242568,100,0.033,0.195,33.0,0.4,0.6,0.6,-56.5,0.0,148.0,0.28193564891897227,3.0
static,0.287108,100,0.033,0.235,33.0,0.4,0.6,0.6,-56.5,0.0,172.5,0.2623268530685948,3.0
static,0.326793,100,0.033,0.275,33.0,0.4,0.6,0.6,-56.5,0.0,192.5,0.24179332302205242,3.0
static,0.361418,100,0.033,0.315,33.0,0.4,0.6,0.6,-56.5,0.0,204.5,0.23566491295694142,3.0
static,0.390998,100,0.033,0.345,33.0,0.4,0.6,0.6,-56.5,0.0,216.0,0.2265998286883103,3.0
static,0.415743,100,0.033,0.37,33.0,0.4,0.6,0.6,-56.5,0.0,222.0,0.22155054614972017,3.0
static,0.436013,100,0.033,0.395,33.0,0.4,0.6,0.6,-56.5,0.0,230.5,0.21493105323634587,3.0
static,0.452271,100,0.033,0.405,33.0,0.4,0.6,0.6,-56.5,0.0,237.0,0.2109697433618623,3.0
static,0.46504,100,0.033,0.42,33.0,0.4,0.6,0.6,-56.5,0.0,241.0,0.2053773118282513,3.0
static,0.47486,100,0.033,0.43,33.0,0.4,0.6,0.6,-56.5,0.0,248.5,0.20181465264830045,3.0
static,0.482255,100,0.033,0.44,33.0,0.4,0.6,0.6,-56.5,0.0,246.5,0.19854957661934278,3.0
static,0.487707,100,0.033,0.45,33.0,0.4,0.6,0.6,-56.5,0.0,245.0,0.19501124814199378,3.0
static,0.491644,100,0.033,0.45,33.0,0.4,0.6,0.6,-56.5,0.0,244.5,0.19417041038869737,3.0
static,0.494428,100,0.033,0.455,33.0,0.4,0.6,0.6,-56.5,0.0,240.0,0.1931499854424633,3.0
static,0.496355,100,0.033,0.46,33.0,0.4,0.6,0.6,-56.5,0.0,240.5,0.1911265091610057,3.0
static,0.497661,100,0.033,0.46,33.0,0.4,0.6,0.6,-56.5,0.0,234.5,0.1898140256883266,3.0
