delta_e,W_estimator,lambda,n,W_mean,mu,mu_W_mean,vacant_at_mean_W,bound_at_mean_W,frac_runs_vacant,bound_plugin
0.028186,tau_swap^(1/M),8.0,74,184.5,0.018186,3.36,False,1.0,0.0405,0.9203237613115265
0.028186,tau_swap^(1/M),15.0,74,184.5,0.018186,3.36,False,1.0,0.0,0.703189978220137
0.028186,tau_swap^(1/M),25.0,74,184.5,0.018186,3.36,False,1.0,0.0,0.44742579691837864
0.028186,tau_swap^(1/M),50.0,74,184.5,0.018186,3.36,False,1.0611635483133376e-08,0.0,0.04580389861670778
0.028186,tau_erase (argmax A_unrefl),8.0,74,793.5,0.018186,14.43,True,1.0,0.5405,1.0
0.028186,tau_erase (argmax A_unrefl),15.0,74,793.5,0.018186,14.43,False,1.0,0.3378,0.986909444915393
0.028186,tau_erase (argmax A_unrefl),25.0,74,793.5,0.018186,14.43,False,1.0,0.2027,0.9297772915534506
0.028186,tau_erase (argmax A_unrefl),50.0,74,793.5,0.018186,14.43,False,1.0,0.0,0.4921896775012492
0.028186,tau_err(0.10),8.0,74,733.3,0.018186,13.34,True,1.0,0.7973,1.0
0.028186,tau_err(0.10),15.0,74,733.3,0.018186,13.34,False,1.0,0.3108,1.0
0.028186,tau_err(0.10),25.0,74,733.3,0.018186,13.34,False,1.0,0.0405,1.0
0.028186,tau_err(0.10),50.0,74,733.3,0.018186,13.34,False,1.0,0.0,0.6978361521406978
0.085449,tau_swap^(1/M),8.0,100,464.7,0.075449,35.06,True,1.0,0.85,0.9613421811282896
0.085449,tau_swap^(1/M),15.0,100,464.7,0.075449,35.06,True,1.0,0.75,0.8955500919370113
0.085449,tau_swap^(1/M),25.0,100,464.7,0.075449,35.06,True,1.0,0.59,0.8562615861796132
0.085449,tau_swap^(1/M),50.0,100,464.7,0.075449,35.06,False,1.0,0.24,0.6698968343882248
0.085449,tau_erase (argmax A_unrefl),8.0,100,1095.9,0.075449,82.69,True,1.0,1.0,1.0
0.085449,tau_erase (argmax A_unrefl),15.0,100,1095.9,0.075449,82.69,True,1.0,1.0,1.0
0.085449,tau_erase (argmax A_unrefl),25.0,100,1095.9,0.075449,82.69,True,1.0,0.97,1.0
0.085449,tau_erase (argmax A_unrefl),50.0,100,1095.9,0.075449,82.69,True,1.0,0.79,1.0
0.085449,tau_err(0.10),8.0,100,972.6,0.075449,73.38,True,1.0,1.0,1.0
0.085449,tau_err(0.10),15.0,100,972.6,0.075449,73.38,True,1.0,1.0,1.0
0.085449,tau_err(0.10),25.0,100,972.6,0.075449,73.38,True,1.0,1.0,1.0
0.085449,tau_err(0.10),50.0,100,972.6,0.075449,73.38,True,1.0,0.84,1.0
0.140949,tau_swap^(1/M),8.0,100,361.8,0.130949,47.38,True,1.0,0.94,0.9720508118153748
0.140949,tau_swap^(1/M),15.0,100,361.8,0.130949,47.38,True,1.0,0.87,0.95018781528726
0.140949,tau_swap^(1/M),25.0,100,361.8,0.130949,47.38,True,1.0,0.75,0.9379092445755274
0.140949,tau_swap^(1/M),50.0,100,361.8,0.130949,47.38,False,1.0,0.42,0.7490712541894314
0.140949,tau_erase (argmax A_unrefl),8.0,100,992.6,0.130949,129.98,True,1.0,1.0,1.0
0.140949,tau_erase (argmax A_unrefl),15.0,100,992.6,0.130949,129.98,True,1.0,1.0,1.0
0.140949,tau_erase (argmax A_unrefl),25.0,100,992.6,0.130949,129.98,True,1.0,1.0,1.0
0.140949,tau_erase (argmax A_unrefl),50.0,100,992.6,0.130949,129.98,True,1.0,0.96,1.0
0.140949,tau_err(0.10),8.0,100,875.0,0.130949,114.59,True,1.0,1.0,1.0
0.140949,tau_err(0.10),15.0,100,875.0,0.130949,114.59,True,1.0,1.0,1.0
0.140949,tau_err(0.10),25.0,100,875.0,0.130949,114.59,True,1.0,1.0,1.0
0.140949,tau_err(0.10),50.0,100,875.0,0.130949,114.59,True,1.0,1.0,1.0
0.193621,tau_swap^(1/M),8.0,100,183.7,0.183621,33.73,True,1.0,0.98,0.9800116385511858
0.193621,tau_swap^(1/M),15.0,100,183.7,0.183621,33.73,True,1.0,0.87,0.98
0.193621,tau_swap^(1/M),25.0,100,183.7,0.183621,33.73,True,1.0,0.6,0.9378348568109821
0.193621,tau_swap^(1/M),50.0,100,183.7,0.183621,33.73,False,1.0,0.1,0.45619347026142276
0.193621,tau_erase (argmax A_unrefl),8.0,100,988.7,0.183621,181.54,True,1.0,1.0,1.0
0.193621,tau_erase (argmax A_unrefl),15.0,100,988.7,0.183621,181.54,True,1.0,1.0,1.0
0.193621,tau_erase (argmax A_unrefl),25.0,100,988.7,0.183621,181.54,True,1.0,1.0,1.0
0.193621,tau_erase (argmax A_unrefl),50.0,100,988.7,0.183621,181.54,True,1.0,0.98,1.0
0.193621,tau_err(0.10),8.0,100,756.1,0.183621,138.83,True,1.0,1.0,1.0
0.193621,tau_err(0.10),15.0,100,756.1,0.183621,138.83,True,1.0,1.0,1.0
0.193621,tau_err(0.10),25.0,100,756.1,0.183621,138.83,True,1.0,1.0,1.0
0.193621,tau_err(0.10),50.0,100,756.1,0.183621,138.83,True,1.0,1.0,1.0
0.242568,tau_swap^(1/M),8.0,100,107.6,0.232568,25.02,True,1.0,0.99,0.9900386264387555
0.242568,tau_swap^(1/M),15.0,100,107.6,0.232568,25.02,True,1.0,0.8,0.99
0.242568,tau_swap^(1/M),25.0,100,107.6,0.232568,25.02,True,1.0,0.34,0.8544610718666936
0.242568,tau_swap^(1/M),50.0,100,107.6,0.232568,25.02,False,0.0009916984702307697,0.03,0.20186818087044123
0.242568,tau_erase (argmax A_unrefl),8.0,100,728.4,0.232568,169.4,True,1.0,1.0,1.0
0.242568,tau_erase (argmax A_unrefl),15.0,100,728.4,0.232568,169.4,True,1.0,1.0,1.0
0.242568,tau_erase (argmax A_unrefl),25.0,100,728.4,0.232568,169.4,True,1.0,1.0,1.0
0.242568,tau_erase (argmax A_unrefl),50.0,100,728.4,0.232568,169.4,True,1.0,0.97,0.9980100474580703
0.242568,tau_err(0.10),8.0,100,626.1,0.232568,145.62,True,1.0,1.0,1.0
0.242568,tau_err(0.10),15.0,100,626.1,0.232568,145.62,True,1.0,1.0,1.0
0.242568,tau_err(0.10),25.0,100,626.1,0.232568,145.62,True,1.0,1.0,1.0
0.242568,tau_err(0.10),50.0,100,626.1,0.232568,145.62,True,1.0,1.0,1.0
0.287108,tau_swap^(1/M),8.0,100,72.0,0.277108,19.94,True,1.0,0.99,0.9901067617312984
0.287108,tau_swap^(1/M),15.0,100,72.0,0.277108,19.94,True,1.0,0.68,0.99
0.287108,tau_swap^(1/M),25.0,100,72.0,0.277108,19.94,False,1.0,0.19,0.7435927577617784
0.287108,tau_swap^(1/M),50.0,100,72.0,0.277108,19.94,False,9.00088087441381e-10,0.02,0.05677863261095394
0.287108,tau_erase (argmax A_unrefl),8.0,100,748.2,0.277108,207.33,True,1.0,1.0,1.0
0.287108,tau_erase (argmax A_unrefl),15.0,100,748.2,0.277108,207.33,True,1.0,1.0,1.0
0.287108,tau_erase (argmax A_unrefl),25.0,100,748.2,0.277108,207.33,True,1.0,1.0,1.0
0.287108,tau_erase (argmax A_unrefl),50.0,100,748.2,0.277108,207.33,True,1.0,0.98,1.0
0.287108,tau_err(0.10),8.0,100,578.4,0.277108,160.28,True,1.0,1.0,1.0
0.287108,tau_err(0.10),15.0,100,578.4,0.277108,160.28,True,1.0,1.0,1.0
0.287108,tau_err(0.10),25.0,100,578.4,0.277108,160.28,True,1.0,1.0,1.0
0.287108,tau_err(0.10),50.0,100,578.4,0.277108,160.28,True,1.0,1.0,1.0
0.326793,tau_swap^(1/M),8.0,100,57.4,0.316793,18.18,True,1.0,1.0,1.0
0.326793,tau_swap^(1/M),15.0,100,57.4,0.316793,18.18,True,1.0,0.66,1.0
0.326793,tau_swap^(1/M),25.0,100,57.4,0.316793,18.18,False,1.0,0.12,0.7182061016732983
0.326793,tau_swap^(1/M),50.0,100,57.4,0.316793,18.18,False,2.6886781729461173e-14,0.0,0.003933305965392908
0.326793,tau_erase (argmax A_unrefl),8.0,100,611.9,0.316793,193.84,True,1.0,1.0,1.0
0.326793,tau_erase (argmax A_unrefl),15.0,100,611.9,0.316793,193.84,True,1.0,1.0,1.0
0.326793,tau_erase (argmax A_unrefl),25.0,100,611.9,0.316793,193.84,True,1.0,1.0,1.0
0.326793,tau_erase (argmax A_unrefl),50.0,100,611.9,0.316793,193.84,True,1.0,0.96,1.0
0.326793,tau_err(0.10),8.0,100,557.0,0.316793,176.45,True,1.0,1.0,1.0
0.326793,tau_err(0.10),15.0,100,557.0,0.316793,176.45,True,1.0,1.0,1.0
0.326793,tau_err(0.10),25.0,100,557.0,0.316793,176.45,True,1.0,1.0,1.0
0.326793,tau_err(0.10),50.0,100,557.0,0.316793,176.45,True,1.0,1.0,1.0
0.361418,tau_swap^(1/M),8.0,100,49.4,0.351418,17.35,True,1.0,1.0,1.0
0.361418,tau_swap^(1/M),15.0,100,49.4,0.351418,17.35,True,1.0,0.64,1.0
0.361418,tau_swap^(1/M),25.0,100,49.4,0.351418,17.35,False,1.0,0.09,0.6409343369014138
0.361418,tau_swap^(1/M),50.0,100,49.4,0.351418,17.35,False,8.667134017874662e-18,0.0,0.020162215692693768
0.361418,tau_erase (argmax A_unrefl),8.0,100,554.2,0.351418,194.77,True,1.0,1.0,1.0
0.361418,tau_erase (argmax A_unrefl),15.0,100,554.2,0.351418,194.77,True,1.0,1.0,1.0
0.361418,tau_erase (argmax A_unrefl),25.0,100,554.2,0.351418,194.77,True,1.0,1.0,1.0
0.361418,tau_erase (argmax A_unrefl),50.0,100,554.2,0.351418,194.77,True,1.0,0.98,1.0
0.361418,tau_err(0.10),8.0,100,533.6,0.351418,187.51,True,1.0,1.0,1.0
0.361418,tau_err(0.10),15.0,100,533.6,0.351418,187.51,True,1.0,1.0,1.0
0.361418,tau_err(0.10),25.0,100,533.6,0.351418,187.51,True,1.0,1.0,1.0
0.361418,tau_err(0.10),50.0,100,533.6,0.351418,187.51,True,1.0,1.0,1.0
0.390998,tau_swap^(1/M),8.0,100,43.9,0.380998,16.73,True,1.0,0.99,1.0
0.390998,tau_swap^(1/M),15.0,100,43.9,0.380998,16.73,True,1.0,0.59,0.9908622744481979
0.390998,tau_swap^(1/M),25.0,100,43.9,0.380998,16.73,False,1.0,0.07,0.553584494182416
0.390998,tau_swap^(1/M),50.0,100,43.9,0.380998,16.73,False,5.5780864417920745e-21,0.0,0.010105143201229218
0.390998,tau_erase (argmax A_unrefl),8.0,100,473.6,0.380998,180.46,True,1.0,1.0,1.0
0.390998,tau_erase (argmax A_unrefl),15.0,100,473.6,0.380998,180.46,True,1.0,1.0,1.0
0.390998,tau_erase (argmax A_unrefl),25.0,100,473.6,0.380998,180.46,True,1.0,1.0,1.0
0.390998,tau_erase (argmax A_unrefl),50.0,100,473.6,0.380998,180.46,True,1.0,0.99,1.0
0.390998,tau_err(0.10),8.0,100,505.2,0.380998,192.49,True,1.0,1.0,1.0
0.390998,tau_err(0.10),15.0,100,505.2,0.380998,192.49,True,1.0,1.0,1.0
0.390998,tau_err(0.10),25.0,100,505.2,0.380998,192.49,True,1.0,1.0,1.0
0.390998,tau_err(0.10),50.0,100,505.2,0.380998,192.49,True,1.0,1.0,1.0
0.415743,tau_swap^(1/M),8.0,100,41.1,0.405743,16.69,True,1.0,1.0,1.0
0.415743,tau_swap^(1/M),15.0,100,41.1,0.405743,16.69,True,1.0,0.63,0.9917468288957326
0.415743,tau_swap^(1/M),25.0,100,41.1,0.405743,16.69,False,1.0,0.05,0.49785628101839313
0.415743,tau_swap^(1/M),50.0,100,41.1,0.405743,16.69,False,1.513151104748685e-22,0.0,0.013183277173634727
0.415743,tau_erase (argmax A_unrefl),8.0,100,438.4,0.405743,177.87,True,1.0,1.0,1.0
0.415743,tau_erase (argmax A_unrefl),15.0,100,438.4,0.405743,177.87,True,1.0,1.0,1.0
0.415743,tau_erase (argmax A_unrefl),25.0,100,438.4,0.405743,177.87,True,1.0,1.0,1.0
0.415743,tau_erase (argmax A_unrefl),50.0,100,438.4,0.405743,177.87,True,1.0,0.95,0.9960536679878086
0.415743,tau_err(0.10),8.0,100,498.4,0.405743,202.22,True,1.0,1.0,1.0
0.415743,tau_err(0.10),15.0,100,498.4,0.405743,202.22,True,1.0,1.0,1.0
0.415743,tau_err(0.10),25.0,100,498.4,0.405743,202.22,True,1.0,1.0,1.0
0.415743,tau_err(0.10),50.0,100,498.4,0.405743,202.22,True,1.0,1.0,1.0
0.436013,tau_swap^(1/M),8.0,100,37.5,0.426013,15.99,True,1.0,1.0,1.0
0.436013,tau_swap^(1/M),15.0,100,37.5,0.426013,15.99,True,1.0,0.57,0.9840621177918689
0.436013,tau_swap^(1/M),25.0,100,37.5,0.426013,15.99,False,0.49799845174771556,0.06,0.46199833056495393
0.436013,tau_swap^(1/M),50.0,100,37.5,0.426013,15.99,False,6.539803486389996e-26,0.0,0.004145498888176607
0.436013,tau_erase (argmax A_unrefl),8.0,100,371.9,0.426013,158.42,True,1.0,1.0,1.0
0.436013,tau_erase (argmax A_unrefl),15.0,100,371.9,0.426013,158.42,True,1.0,1.0,1.0
0.436013,tau_erase (argmax A_unrefl),25.0,100,371.9,0.426013,158.42,True,1.0,0.99,1.0
0.436013,tau_erase (argmax A_unrefl),50.0,100,371.9,0.426013,158.42,True,1.0,0.88,0.9800000037544174
0.436013,tau_err(0.10),8.0,100,477.3,0.426013,203.33,True,1.0,1.0,1.0
0.436013,tau_err(0.10),15.0,100,477.3,0.426013,203.33,True,1.0,1.0,1.0
0.436013,tau_err(0.10),25.0,100,477.3,0.426013,203.33,True,1.0,1.0,1.0
0.436013,tau_err(0.10),50.0,100,477.3,0.426013,203.33,True,1.0,1.0,1.0
0.452271,tau_swap^(1/M),8.0,100,35.3,0.442271,15.6,True,1.0,1.0,1.0
0.452271,tau_swap^(1/M),15.0,100,35.3,0.442271,15.6,True,1.0,0.53,0.9894991144132763
0.452271,tau_swap^(1/M),25.0,100,35.3,0.442271,15.6,False,0.2348912952364723,0.05,0.4520243477665805
0.452271,tau_swap^(1/M),50.0,100,35.3,0.442271,15.6,False,2.5299419177736387e-28,0.0,0.00988255598093466
0.452271,tau_erase (argmax A_unrefl),8.0,100,312.8,0.442271,138.32,True,1.0,1.0,1.0
0.452271,tau_erase (argmax A_unrefl),15.0,100,312.8,0.442271,138.32,True,1.0,0.98,1.0
0.452271,tau_erase (argmax A_unrefl),25.0,100,312.8,0.442271,138.32,True,1.0,0.95,0.9800832222584481
0.452271,tau_erase (argmax A_unrefl),50.0,100,312.8,0.442271,138.32,True,1.0,0.85,0.9126688496043023
0.452271,tau_err(0.10),8.0,100,431.0,0.442271,190.61,True,1.0,1.0,1.0
0.452271,tau_err(0.10),15.0,100,431.0,0.442271,190.61,True,1.0,1.0,1.0
0.452271,tau_err(0.10),25.0,100,431.0,0.442271,190.61,True,1.0,1.0,1.0
0.452271,tau_err(0.10),50.0,100,431.0,0.442271,190.61,True,1.0,1.0,1.0
0.46504,tau_swap^(1/M),8.0,100,34.3,0.45504,15.6,True,1.0,1.0,1.0
0.46504,tau_swap^(1/M),15.0,100,34.3,0.45504,15.6,True,1.0,0.52,0.9850320883360346
0.46504,tau_swap^(1/M),25.0,100,34.3,0.45504,15.6,False,0.19885213582319683,0.05,0.435493558747323
0.46504,tau_swap^(1/M),50.0,100,34.3,0.45504,15.6,False,3.678275751336427e-29,0.0,0.01000035711733853
0.46504,tau_erase (argmax A_unrefl),8.0,100,216.3,0.45504,98.43,True,1.0,1.0,1.0
0.46504,tau_erase (argmax A_unrefl),15.0,100,216.3,0.45504,98.43,True,1.0,0.98,1.0
0.46504,tau_erase (argmax A_unrefl),25.0,100,216.3,0.45504,98.43,True,1.0,0.88,0.9649340480421622
0.46504,tau_erase (argmax A_unrefl),50.0,100,216.3,0.45504,98.43,True,1.0,0.69,0.7992222135769518
0.46504,tau_err(0.10),8.0,100,403.9,0.45504,183.81,True,1.0,1.0,1.0
0.46504,tau_err(0.10),15.0,100,403.9,0.45504,183.81,True,1.0,1.0,1.0
0.46504,tau_err(0.10),25.0,100,403.9,0.45504,183.81,True,1.0,1.0,1.0
0.46504,tau_err(0.10),50.0,100,403.9,0.45504,183.81,True,1.0,1.0,1.0
0.47486,tau_swap^(1/M),8.0,100,33.7,0.46486,15.66,True,1.0,1.0,1.0
0.47486,tau_swap^(1/M),15.0,100,33.7,0.46486,15.66,True,1.0,0.49,0.9846685330721776
0.47486,tau_swap^(1/M),25.0,100,33.7,0.46486,15.66,False,0.1900884460780882,0.05,0.42028222893064593
0.47486,tau_swap^(1/M),50.0,100,33.7,0.46486,15.66,False,1.338712218182691e-29,0.0,0.0100007702994766
0.47486,tau_erase (argmax A_unrefl),8.0,100,155.1,0.46486,72.1,True,1.0,1.0,1.0
0.47486,tau_erase (argmax A_unrefl),15.0,100,155.1,0.46486,72.1,True,1.0,0.97,1.0
0.47486,tau_erase (argmax A_unrefl),25.0,100,155.1,0.46486,72.1,True,1.0,0.82,0.9607572518018874
0.47486,tau_erase (argmax A_unrefl),50.0,100,155.1,0.46486,72.1,True,1.0,0.54,0.7106308496199708
0.47486,tau_err(0.10),8.0,100,371.8,0.46486,172.84,True,1.0,1.0,1.0
0.47486,tau_err(0.10),15.0,100,371.8,0.46486,172.84,True,1.0,1.0,1.0
0.47486,tau_err(0.10),25.0,100,371.8,0.46486,172.84,True,1.0,1.0,1.0
0.47486,tau_err(0.10),50.0,100,371.8,0.46486,172.84,True,1.0,1.0,1.0
0.482255,tau_swap^(1/M),8.0,100,33.1,0.472255,15.63,True,1.0,1.0,1.0
0.482255,tau_swap^(1/M),15.0,100,33.1,0.472255,15.63,True,1.0,0.47,0.9874402114834472
0.482255,tau_swap^(1/M),25.0,100,33.1,0.472255,15.63,False,0.16352126737187098,0.05,0.39134862528942177
0.482255,tau_swap^(1/M),50.0,100,33.1,0.472255,15.63,False,3.2057669417513965e-30,0.0,0.010000013445185587
0.482255,tau_erase (argmax A_unrefl),8.0,100,98.4,0.472255,46.48,True,1.0,1.0,1.0
0.482255,tau_erase (argmax A_unrefl),15.0,100,98.4,0.472255,46.48,True,1.0,0.95,1.0
0.482255,tau_erase (argmax A_unrefl),25.0,100,98.4,0.472255,46.48,True,1.0,0.67,0.9365028663405585
0.482255,tau_erase (argmax A_unrefl),50.0,100,98.4,0.472255,46.48,False,1.0,0.32,0.506115545541566
0.482255,tau_err(0.10),8.0,100,345.9,0.472255,163.34,True,1.0,1.0,1.0
0.482255,tau_err(0.10),15.0,100,345.9,0.472255,163.34,True,1.0,1.0,1.0
0.482255,tau_err(0.10),25.0,100,345.9,0.472255,163.34,True,1.0,1.0,1.0
0.482255,tau_err(0.10),50.0,100,345.9,0.472255,163.34,True,1.0,1.0,1.0
0.487707,tau_swap^(1/M),8.0,100,32.2,0.477707,15.4,True,1.0,1.0,1.0
0.487707,tau_swap^(1/M),15.0,100,32.2,0.477707,15.4,True,1.0,0.43,0.9841837178472871
0.487707,tau_swap^(1/M),25.0,100,32.2,0.477707,15.4,False,0.10538103720433893,0.04,0.3450034074919081
0.487707,tau_swap^(1/M),50.0,100,32.2,0.477707,15.4,False,1.7322822258904466e-31,0.0,0.010000008576621472
0.487707,tau_erase (argmax A_unrefl),8.0,100,72.5,0.477707,34.65,True,1.0,1.0,1.0
0.487707,tau_erase (argmax A_unrefl),15.0,100,72.5,0.477707,34.65,True,1.0,0.91,1.0
0.487707,tau_erase (argmax A_unrefl),25.0,100,72.5,0.477707,34.65,True,1.0,0.54,0.8863340745893402
0.487707,tau_erase (argmax A_unrefl),50.0,100,72.5,0.477707,34.65,False,0.10916875891907951,0.15,0.34195154270726136
0.487707,tau_err(0.10),8.0,100,338.4,0.477707,161.65,True,1.0,1.0,1.0
0.487707,tau_err(0.10),15.0,100,338.4,0.477707,161.65,True,1.0,1.0,1.0
0.487707,tau_err(0.10),25.0,100,338.4,0.477707,161.65,True,1.0,1.0,1.0
0.487707,tau_err(0.10),50.0,100,338.4,0.477707,161.65,True,1.0,1.0,1.0
0.491644,tau_swap^(1/M),8.0,100,31.8,0.481644,15.32,True,1.0,1.0,1.0
0.491644,tau_swap^(1/M),15.0,100,31.8,0.481644,15.32,True,1.0,0.41,0.9855613458705258
0.491644,tau_swap^(1/M),25.0,100,31.8,0.481644,15.32,False,0.08730934572811747,0.04,0.331641521594429
0.491644,tau_swap^(1/M),50.0,100,31.8,0.481644,15.32,False,4.4118623639786236e-32,0.0,0.010000011277971834
0.491644,tau_erase (argmax A_unrefl),8.0,100,61.0,0.481644,29.39,True,1.0,1.0,1.0
0.491644,tau_erase (argmax A_unrefl),15.0,100,61.0,0.481644,29.39,True,1.0,0.91,1.0
0.491644,tau_erase (argmax A_unrefl),25.0,100,61.0,0.481644,29.39,True,1.0,0.49,0.8730839759261328
0.491644,tau_erase (argmax A_unrefl),50.0,100,61.0,0.481644,29.39,False,5.43397303283185e-05,0.07,0.26894645935289296
0.491644,tau_err(0.10),8.0,100,332.6,0.481644,160.21,True,1.0,1.0,1.0
0.491644,tau_err(0.10),15.0,100,332.6,0.481644,160.21,True,1.0,1.0,1.0
0.491644,tau_err(0.10),25.0,100,332.6,0.481644,160.21,True,1.0,1.0,1.0
0.491644,tau_err(0.10),50.0,100,332.6,0.481644,160.21,True,1.0,1.0,1.0
0.494428,tau_swap^(1/M),8.0,100,31.4,0.484428,15.22,True,1.0,1.0,1.0
0.494428,tau_swap^(1/M),15.0,100,31.4,0.484428,15.22,True,1.0,0.47,0.9866037292130517
0.494428,tau_swap^(1/M),25.0,100,31.4,0.484428,15.22,False,0.07077022440547724,0.04,0.32201342846350817
0.494428,tau_swap^(1/M),50.0,100,31.4,0.484428,15.22,False,1.092508410008798e-32,0.0,0.010000013192376415
0.494428,tau_erase (argmax A_unrefl),8.0,100,55.6,0.484428,26.95,True,1.0,1.0,1.0
0.494428,tau_erase (argmax A_unrefl),15.0,100,55.6,0.484428,26.95,True,1.0,0.9,1.0
0.494428,tau_erase (argmax A_unrefl),25.0,100,55.6,0.484428,26.95,True,1.0,0.41,0.8481771390836205
0.494428,tau_erase (argmax A_unrefl),50.0,100,55.6,0.484428,26.95,False,2.8435651055109746e-07,0.05,0.22092029671727503
0.494428,tau_err(0.10),8.0,100,331.3,0.484428,160.47,True,1.0,1.0,1.0
0.494428,tau_err(0.10),15.0,100,331.3,0.484428,160.47,True,1.0,1.0,1.0
0.494428,tau_err(0.10),25.0,100,331.3,0.484428,160.47,True,1.0,1.0,1.0
0.494428,tau_err(0.10),50.0,100,331.3,0.484428,160.47,True,1.0,1.0,1.0
0.496355,tau_swap^(1/M),8.0,100,31.3,0.486355,15.22,True,1.0,1.0,1.0
0.496355,tau_swap^(1/M),15.0,100,31.3,0.486355,15.22,True,1.0,0.47,0.987359862098447
0.496355,tau_swap^(1/M),25.0,100,31.3,0.486355,15.22,False,0.06905760165935246,0.04,0.32492289606520963
0.496355,tau_swap^(1/M),50.0,100,31.3,0.486355,15.22,False,8.177589263826453e-33,0.0,0.010000015671887462
0.496355,tau_erase (argmax A_unrefl),8.0,100,49.1,0.486355,23.89,True,1.0,1.0,1.0
0.496355,tau_erase (argmax A_unrefl),15.0,100,49.1,0.486355,23.89,True,1.0,0.88,1.0
0.496355,tau_erase (argmax A_unrefl),25.0,100,49.1,0.486355,23.89,False,1.0,0.31,0.822636342258127
0.496355,tau_erase (argmax A_unrefl),50.0,100,49.1,0.486355,23.89,False,4.395392350726238e-11,0.01,0.12979782733798303
0.496355,tau_err(0.10),8.0,100,330.0,0.486355,160.52,True,1.0,1.0,1.0
0.496355,tau_err(0.10),15.0,100,330.0,0.486355,160.52,True,1.0,1.0,1.0
0.496355,tau_err(0.10),25.0,100,330.0,0.486355,160.52,True,1.0,1.0,1.0
0.496355,tau_err(0.10),50.0,100,330.0,0.486355,160.52,True,1.0,1.0,1.0
0.497661,tau_swap^(1/M),8.0,100,31.2,0.487661,15.21,True,1.0,1.0,1.0
0.497661,tau_swap^(1/M),15.0,100,31.2,0.487661,15.21,True,1.0,0.47,0.9838519117645962
0.497661,tau_swap^(1/M),25.0,100,31.2,0.487661,15.21,False,0.06683417005255338,0.04,0.3222723643141034
0.497661,tau_swap^(1/M),50.0,100,31.2,0.487661,15.21,False,6.141223861851243e-33,0.0,0.010000017603796986
0.497661,tau_erase (argmax A_unrefl),8.0,100,47.6,0.487661,23.22,True,1.0,1.0,1.0
0.497661,tau_erase (argmax A_unrefl),15.0,100,47.6,0.487661,23.22,True,1.0,0.88,1.0
0.497661,tau_erase (argmax A_unrefl),25.0,100,47.6,0.487661,23.22,False,1.0,0.26,0.8328140611902239
0.497661,tau_erase (argmax A_unrefl),50.0,100,47.6,0.487661,23.22,False,3.902948898427917e-12,0.02,0.09039636343790441
0.497661,tau_err(0.10),8.0,100,329.5,0.487661,160.7,True,1.0,1.0,1.0
0.497661,tau_err(0.10),15.0,100,329.5,0.487661,160.7,True,1.0,1.0,1.0
0.497661,tau_err(0.10),25.0,100,329.5,0.487661,160.7,True,1.0,1.0,1.0
0.497661,tau_err(0.10),50.0,100,329.5,0.487661,160.7,True,1.0,1.0,1.0
