delta_e,lambda,mu,W_mean_censored_at_horizon,censoring_fraction,bound_deterministic_W,bound_plugin,bound_parametric,gap_plugin_over_deterministic,vacant_deterministic,vacant_plugin,vacant_parametric
0.028186,8.0,0.018186,2244.7,0.2703,1.0,1.0,0.9994047259166539,1.0,True,True,False
0.028186,15.0,0.018186,2244.7,0.2703,1.0,1.0,0.9901936191450802,1.0,True,True,False
0.028186,25.0,0.018186,2244.7,0.2703,1.0,1.0,0.9487236731273878,1.0,True,True,False
0.028186,50.0,0.018186,2244.7,0.2703,1.0,1.0,0.7525704690571821,1.0,True,True,False
0.085449,8.0,0.075449,2163.6,0.24,1.0,1.0,0.9997693199633423,1.0,True,True,False
0.085449,15.0,0.075449,2163.6,0.24,1.0,1.0,0.9977899039419944,1.0,True,True,False
0.085449,25.0,0.075449,2163.6,0.24,1.0,1.0,0.9902272285590565,1.0,True,True,False
0.085449,50.0,0.075449,2163.6,0.24,1.0,1.0,0.9607949378049919,1.0,True,True,False
0.140949,8.0,0.130949,2129.2,0.24,1.0,1.0,0.999964957169255,1.0,True,True,False
0.140949,15.0,0.130949,2129.2,0.24,1.0,1.0,0.999333117277698,1.0,True,True,False
0.140949,25.0,0.130949,2129.2,0.24,1.0,1.0,0.9968238325666324,1.0,True,True,False
0.140949,50.0,0.130949,2129.2,0.24,1.0,1.0,0.9852696317120803,1.0,True,True,False
0.193621,8.0,0.183621,2273.4,0.35,1.0,1.0,0.9999794815838642,1.0,True,True,False
0.193621,15.0,0.183621,2273.4,0.35,1.0,1.0,0.9996919243726096,1.0,True,True,False
0.193621,25.0,0.183621,2273.4,0.35,1.0,1.0,0.9982765598909801,1.0,True,True,False
0.193621,50.0,0.183621,2273.4,0.35,1.0,1.0,0.9914086028076018,1.0,True,True,False
0.242568,8.0,0.232568,2155.2,0.23,1.0,1.0,0.9999982878022715,1.0,True,True,False
0.242568,15.0,0.232568,2155.2,0.23,1.0,1.0,0.9999644588507549,1.0,True,True,False
0.242568,25.0,0.232568,2155.2,0.23,1.0,1.0,0.9995987420516932,1.0,True,True,False
0.242568,50.0,0.232568,2155.2,0.23,1.0,1.0,0.9942327946726286,1.0,True,True,False
0.287108,8.0,0.277108,1917.2,0.16,1.0,1.0,0.9999984860881687,1.0,True,True,False
0.287108,15.0,0.277108,1917.2,0.16,1.0,1.0,0.9999617263709137,1.0,True,True,False
0.287108,25.0,0.277108,1917.2,0.16,1.0,1.0,0.999568494958627,1.0,True,True,False
0.287108,50.0,0.277108,1917.2,0.16,1.0,1.0,0.9944034048584579,1.0,True,True,False
0.326793,8.0,0.316793,1859.7,0.06,1.0,1.0,0.9999998550052608,1.0,True,True,False
0.326793,15.0,0.316793,1859.7,0.06,1.0,1.0,0.9999889534017838,1.0,True,True,False
0.326793,25.0,0.316793,1859.7,0.06,1.0,1.0,0.9998085358506078,1.0,True,True,False
0.326793,50.0,0.316793,1859.7,0.06,1.0,1.0,0.9951181224980629,1.0,True,True,False
0.361418,8.0,0.351418,1658.4,0.05,1.0,1.0,0.9999997920251127,1.0,True,True,False
0.361418,15.0,0.351418,1658.4,0.05,1.0,1.0,0.9999868509835632,1.0,True,True,False
0.361418,25.0,0.351418,1658.4,0.05,1.0,1.0,0.9997490713304181,1.0,True,True,False
0.361418,50.0,0.351418,1658.4,0.05,1.0,1.0,0.9949291287381178,1.0,True,True,False
0.390998,8.0,0.380998,1319.9,0.02,1.0,1.0,0.9999997410623145,1.0,True,True,False
0.390998,15.0,0.380998,1319.9,0.02,1.0,1.0,0.9999845065254637,1.0,True,True,False
0.390998,25.0,0.380998,1319.9,0.02,1.0,1.0,0.9997356350170143,1.0,True,True,False
0.390998,50.0,0.380998,1319.9,0.02,1.0,1.0,0.994585705703683,1.0,True,True,False
0.415743,8.0,0.405743,1299.6,0.01,1.0,1.0,0.999999710259226,1.0,True,True,False
0.415743,15.0,0.405743,1299.6,0.01,1.0,1.0,0.9999827133674566,1.0,True,True,False
0.415743,25.0,0.405743,1299.6,0.01,1.0,1.0,0.9997188680763032,1.0,True,True,False
0.415743,50.0,0.405743,1299.6,0.01,1.0,1.0,0.9942390829863845,1.0,True,True,False
0.436013,8.0,0.426013,1165.2,0.01,1.0,1.0,0.9999996304604413,1.0,True,True,False
0.436013,15.0,0.426013,1165.2,0.01,1.0,1.0,0.9999790751916388,1.0,True,True,False
0.436013,25.0,0.426013,1165.2,0.01,1.0,1.0,0.9996716923504572,1.0,True,True,False
0.436013,50.0,0.426013,1165.2,0.01,1.0,1.0,0.9937126990200608,1.0,True,True,False
0.452271,8.0,0.442271,1044.3,0.0,1.0,1.0,0.9999995812898481,1.0,True,True,False
0.452271,15.0,0.442271,1044.3,0.0,1.0,1.0,0.9999758713587842,1.0,True,True,False
0.452271,25.0,0.442271,1044.3,0.0,1.0,1.0,0.9996368239983253,1.0,True,True,False
0.452271,50.0,0.442271,1044.3,0.0,1.0,1.0,0.9931748418823784,1.0,True,True,False
0.46504,8.0,0.45504,864.9,0.02,1.0,1.0,0.9999995538989208,1.0,True,True,False
0.46504,15.0,0.45504,864.9,0.02,1.0,1.0,0.9999744267554032,1.0,True,True,False
0.46504,25.0,0.45504,864.9,0.02,1.0,1.0,0.9996253559956121,1.0,True,True,False
0.46504,50.0,0.45504,864.9,0.02,1.0,1.0,0.9930049121215443,1.0,True,True,False
0.47486,8.0,0.46486,807.9,0.02,1.0,1.0,0.9999995019243895,1.0,True,True,False
0.47486,15.0,0.46486,807.9,0.02,1.0,1.0,0.9999729457368712,1.0,True,True,False
0.47486,25.0,0.46486,807.9,0.02,1.0,1.0,0.9996207880599429,1.0,True,True,False
0.47486,50.0,0.46486,807.9,0.02,1.0,1.0,0.9927838844103509,1.0,True,True,False
0.482255,8.0,0.472255,657.1,0.01,1.0,1.0,0.9999994249570179,1.0,True,True,False
0.482255,15.0,0.472255,657.1,0.01,1.0,1.0,0.9999692861102664,1.0,True,True,False
0.482255,25.0,0.472255,657.1,0.01,1.0,1.0,0.9995862681747519,1.0,True,True,False
0.482255,50.0,0.472255,657.1,0.01,1.0,1.0,0.9921589715687822,1.0,True,True,False
0.487707,8.0,0.477707,429.4,0.0,1.0,1.0,0.9999993585433705,1.0,True,True,False
0.487707,15.0,0.477707,429.4,0.0,1.0,1.0,0.9999663416174118,1.0,True,True,False
0.487707,25.0,0.477707,429.4,0.0,1.0,1.0,0.9995741200951004,1.0,True,True,False
0.487707,50.0,0.477707,429.4,0.0,1.0,1.0,0.9916849804589931,1.0,True,True,False
0.491644,8.0,0.481644,407.3,0.0,1.0,1.0,0.9999993407740015,1.0,True,True,False
0.491644,15.0,0.481644,407.3,0.0,1.0,1.0,0.9999654541650017,1.0,True,True,False
0.491644,25.0,0.481644,407.3,0.0,1.0,1.0,0.9995642381928806,1.0,True,True,False
0.491644,50.0,0.481644,407.3,0.0,1.0,1.0,0.9914989019905043,1.0,True,True,False
0.494428,8.0,0.484428,276.5,0.0,1.0,1.0,0.9999993291132333,1.0,True,True,False
0.494428,15.0,0.484428,276.5,0.0,1.0,1.0,0.9999651716051778,1.0,True,True,False
0.494428,25.0,0.484428,276.5,0.0,1.0,1.0,0.9995501004943095,1.0,True,True,False
0.494428,50.0,0.484428,276.5,0.0,1.0,1.0,0.9914411845545616,1.0,True,True,False
0.496355,8.0,0.486355,232.1,0.0,1.0,1.0,0.9999993072268322,1.0,True,True,False
0.496355,15.0,0.486355,232.1,0.0,1.0,1.0,0.9999646709649519,1.0,True,True,False
0.496355,25.0,0.486355,232.1,0.0,1.0,1.0,0.999542636079114,1.0,True,True,False
0.496355,50.0,0.486355,232.1,0.0,1.0,1.0,0.9913931968649311,1.0,True,True,False
0.497661,8.0,0.487661,231.4,0.0,1.0,1.0,0.99999928998581,1.0,True,True,False
0.497661,15.0,0.487661,231.4,0.0,1.0,1.0,0.9999639187351148,1.0,True,True,False
0.497661,25.0,0.487661,231.4,0.0,1.0,1.0,0.999539245655624,1.0,True,True,False
0.497661,50.0,0.487661,231.4,0.0,1.0,1.0,0.9912996745531342,1.0,True,True,False
