boundary_shift,delta_e,lambda,M,tau_det_star,n_hat,censored_frac_hat,F_hat,bound_boole,bound_jensen,measured_pmiss,measured_source,measured_n,measured_wilson_lo,measured_wilson_hi,censored_frac_arf,min_tau_hat,min_tau_arf
0.1,0.0282,8.0,1,439.9,100,0.03,0.19,0.19,0.19,0.19,R6 tau_hat (identity),100,,,0.0,4.0,5.0
0.1,0.0282,8.0,2,439.9,100,0.03,0.19,0.38,0.3439,,,0,,,0.0,4.0,5.0
0.1,0.0282,8.0,3,439.9,100,0.03,0.19,0.57,0.468559,,,0,,,0.0,4.0,5.0
0.1,0.0282,8.0,5,439.9,100,0.03,0.19,0.95,0.651322,,,0,,,0.0,4.0,5.0
0.1,0.0282,8.0,10,439.9,100,0.03,0.19,1.0,0.878423,0.93,R2_A tau_arf,100,0.8625,0.9657,0.0,4.0,5.0
0.1,0.0282,8.0,20,439.9,100,0.03,0.19,1.0,0.985219,,,0,,,0.0,4.0,5.0
0.1,0.0282,8.0,50,439.9,100,0.03,0.19,1.0,0.999973,,,0,,,0.0,4.0,5.0
0.1,0.0282,15.0,1,824.81,100,0.03,0.36,0.36,0.36,0.36,R6 tau_hat (identity),100,,,0.0,4.0,5.0
0.1,0.0282,15.0,2,824.81,100,0.03,0.36,0.72,0.5904,,,0,,,0.0,4.0,5.0
0.1,0.0282,15.0,3,824.81,100,0.03,0.36,1.0,0.737856,,,0,,,0.0,4.0,5.0
0.1,0.0282,15.0,5,824.81,100,0.03,0.36,1.0,0.892626,,,0,,,0.0,4.0,5.0
0.1,0.0282,15.0,10,824.81,100,0.03,0.36,1.0,0.988471,1.0,R2_A tau_arf,100,0.963,1.0,0.0,4.0,5.0
0.1,0.0282,15.0,20,824.81,100,0.03,0.36,1.0,0.999867,,,0,,,0.0,4.0,5.0
0.1,0.0282,15.0,50,824.81,100,0.03,0.36,1.0,1.0,,,0,,,0.0,4.0,5.0
0.1,0.0282,25.0,1,1374.68,100,0.03,0.57,0.57,0.57,0.57,R6 tau_hat (identity),100,,,0.0,4.0,5.0
0.1,0.0282,25.0,2,1374.68,100,0.03,0.57,1.0,0.8151,,,0,,,0.0,4.0,5.0
0.1,0.0282,25.0,3,1374.68,100,0.03,0.57,1.0,0.920493,,,0,,,0.0,4.0,5.0
0.1,0.0282,25.0,5,1374.68,100,0.03,0.57,1.0,0.985299,,,0,,,0.0,4.0,5.0
0.1,0.0282,25.0,10,1374.68,100,0.03,0.57,1.0,0.999784,1.0,R2_A tau_arf,100,0.963,1.0,0.0,4.0,5.0
0.1,0.0282,25.0,20,1374.68,100,0.03,0.57,1.0,1.0,,,0,,,0.0,4.0,5.0
0.1,0.0282,25.0,50,1374.68,100,0.03,0.57,1.0,1.0,,,0,,,0.0,4.0,5.0
0.1,0.0282,50.0,1,2749.37,100,0.03,0.89,0.89,0.89,0.89,R6 tau_hat (identity),100,,,0.0,4.0,5.0
0.1,0.0282,50.0,2,2749.37,100,0.03,0.89,1.0,0.9879,,,0,,,0.0,4.0,5.0
0.1,0.0282,50.0,3,2749.37,100,0.03,0.89,1.0,0.998669,,,0,,,0.0,4.0,5.0
0.1,0.0282,50.0,5,2749.37,100,0.03,0.89,1.0,0.999984,,,0,,,0.0,4.0,5.0
0.1,0.0282,50.0,10,2749.37,100,0.03,0.89,1.0,1.0,1.0,R2_A tau_arf,100,0.963,1.0,0.0,4.0,5.0
0.1,0.0282,50.0,20,2749.37,100,0.03,0.89,1.0,1.0,,,0,,,0.0,4.0,5.0
0.1,0.0282,50.0,50,2749.37,100,0.03,0.89,1.0,1.0,,,0,,,0.0,4.0,5.0
0.305263,0.0854,8.0,1,106.03,100,0.13,0.03,0.03,0.03,0.03,R6 tau_hat (identity),100,,,0.0,4.0,5.0
0.305263,0.0854,8.0,2,106.03,100,0.13,0.03,0.06,0.0591,,,0,,,0.0,4.0,5.0
0.305263,0.0854,8.0,3,106.03,100,0.13,0.03,0.09,0.087327,,,0,,,0.0,4.0,5.0
0.305263,0.0854,8.0,5,106.03,100,0.13,0.03,0.15,0.141266,,,0,,,0.0,4.0,5.0
0.305263,0.0854,8.0,10,106.03,100,0.13,0.03,0.3,0.262576,0.17,R2_A tau_arf,100,0.1089,0.2555,0.0,4.0,5.0
0.305263,0.0854,8.0,20,106.03,100,0.13,0.03,0.6,0.456206,,,0,,,0.0,4.0,5.0
0.305263,0.0854,8.0,50,106.03,100,0.13,0.03,1.0,0.781935,,,0,,,0.0,4.0,5.0
0.305263,0.0854,15.0,1,198.81,100,0.13,0.03,0.03,0.03,0.03,R6 tau_hat (identity),100,,,0.0,4.0,5.0
0.305263,0.0854,15.0,2,198.81,100,0.13,0.03,0.06,0.0591,,,0,,,0.0,4.0,5.0
0.305263,0.0854,15.0,3,198.81,100,0.13,0.03,0.09,0.087327,,,0,,,0.0,4.0,5.0
0.305263,0.0854,15.0,5,198.81,100,0.13,0.03,0.15,0.141266,,,0,,,0.0,4.0,5.0
0.305263,0.0854,15.0,10,198.81,100,0.13,0.03,0.3,0.262576,0.3,R2_A tau_arf,100,0.2189,0.3958,0.0,4.0,5.0
0.305263,0.0854,15.0,20,198.81,100,0.13,0.03,0.6,0.456206,,,0,,,0.0,4.0,5.0
0.305263,0.0854,15.0,50,198.81,100,0.13,0.03,1.0,0.781935,,,0,,,0.0,4.0,5.0
0.305263,0.0854,25.0,1,331.35,100,0.13,0.06,0.06,0.06,0.06,R6 tau_hat (identity),100,,,0.0,4.0,5.0
0.305263,0.0854,25.0,2,331.35,100,0.13,0.06,0.12,0.1164,,,0,,,0.0,4.0,5.0
0.305263,0.0854,25.0,3,331.35,100,0.13,0.06,0.18,0.169416,,,0,,,0.0,4.0,5.0
0.305263,0.0854,25.0,5,331.35,100,0.13,0.06,0.3,0.266096,,,0,,,0.0,4.0,5.0
0.305263,0.0854,25.0,10,331.35,100,0.13,0.06,0.6,0.461385,0.45,R2_A tau_arf,100,0.3561,0.5476,0.0,4.0,5.0
0.305263,0.0854,25.0,20,331.35,100,0.13,0.06,1.0,0.709894,,,0,,,0.0,4.0,5.0
0.305263,0.0854,25.0,50,331.35,100,0.13,0.06,1.0,0.954669,,,0,,,0.0,4.0,5.0
0.305263,0.0854,50.0,1,662.7,100,0.13,0.1,0.1,0.1,0.1,R6 tau_hat (identity),100,,,0.0,4.0,5.0
0.305263,0.0854,50.0,2,662.7,100,0.13,0.1,0.2,0.19,,,0,,,0.0,4.0,5.0
0.305263,0.0854,50.0,3,662.7,100,0.13,0.1,0.3,0.271,,,0,,,0.0,4.0,5.0
0.305263,0.0854,50.0,5,662.7,100,0.13,0.1,0.5,0.40951,,,0,,,0.0,4.0,5.0
0.305263,0.0854,50.0,10,662.7,100,0.13,0.1,1.0,0.651322,0.76,R2_A tau_arf,100,0.6677,0.8331,0.0,4.0,5.0
0.305263,0.0854,50.0,20,662.7,100,0.13,0.1,1.0,0.878423,,,0,,,0.0,4.0,5.0
0.305263,0.0854,50.0,50,662.7,100,0.13,0.1,1.0,0.994846,,,0,,,0.0,4.0,5.0
0.510526,0.1409,8.0,1,61.09,100,0.01,0.02,0.02,0.02,0.02,R6 tau_hat (identity),100,,,0.0,4.0,5.0
0.510526,0.1409,8.0,2,61.09,100,0.01,0.02,0.04,0.0396,,,0,,,0.0,4.0,5.0
0.510526,0.1409,8.0,3,61.09,100,0.01,0.02,0.06,0.058808,,,0,,,0.0,4.0,5.0
0.510526,0.1409,8.0,5,61.09,100,0.01,0.02,0.1,0.096079,,,0,,,0.0,4.0,5.0
0.510526,0.1409,8.0,10,61.09,100,0.01,0.02,0.2,0.182927,0.04,R2_A tau_arf,100,0.0157,0.0984,0.0,4.0,5.0
0.510526,0.1409,8.0,20,61.09,100,0.01,0.02,0.4,0.332392,,,0,,,0.0,4.0,5.0
0.510526,0.1409,8.0,50,61.09,100,0.01,0.02,1.0,0.63583,,,0,,,0.0,4.0,5.0
0.510526,0.1409,15.0,1,114.55,100,0.01,0.02,0.02,0.02,0.02,R6 tau_hat (identity),100,,,0.0,4.0,5.0
0.510526,0.1409,15.0,2,114.55,100,0.01,0.02,0.04,0.0396,,,0,,,0.0,4.0,5.0
0.510526,0.1409,15.0,3,114.55,100,0.01,0.02,0.06,0.058808,,,0,,,0.0,4.0,5.0
0.510526,0.1409,15.0,5,114.55,100,0.01,0.02,0.1,0.096079,,,0,,,0.0,4.0,5.0
0.510526,0.1409,15.0,10,114.55,100,0.01,0.02,0.2,0.182927,0.13,R2_A tau_arf,100,0.0776,0.2098,0.0,4.0,5.0
0.510526,0.1409,15.0,20,114.55,100,0.01,0.02,0.4,0.332392,,,0,,,0.0,4.0,5.0
0.510526,0.1409,15.0,50,114.55,100,0.01,0.02,1.0,0.63583,,,0,,,0.0,4.0,5.0
0.510526,0.1409,25.0,1,190.91,100,0.01,0.02,0.02,0.02,0.02,R6 tau_hat (identity),100,,,0.0,4.0,5.0
0.510526,0.1409,25.0,2,190.91,100,0.01,0.02,0.04,0.0396,,,0,,,0.0,4.0,5.0
0.510526,0.1409,25.0,3,190.91,100,0.01,0.02,0.06,0.058808,,,0,,,0.0,4.0,5.0
0.510526,0.1409,25.0,5,190.91,100,0.01,0.02,0.1,0.096079,,,0,,,0.0,4.0,5.0
0.510526,0.1409,25.0,10,190.91,100,0.01,0.02,0.2,0.182927,0.29,R2_A tau_arf,100,0.2101,0.3854,0.0,4.0,5.0
0.510526,0.1409,25.0,20,190.91,100,0.01,0.02,0.4,0.332392,,,0,,,0.0,4.0,5.0
0.510526,0.1409,25.0,50,190.91,100,0.01,0.02,1.0,0.63583,,,0,,,0.0,4.0,5.0
0.510526,0.1409,50.0,1,381.83,100,0.01,0.12,0.12,0.12,0.12,R6 tau_hat (identity),100,,,0.0,4.0,5.0
0.510526,0.1409,50.0,2,381.83,100,0.01,0.12,0.24,0.2256,,,0,,,0.0,4.0,5.0
0.510526,0.1409,50.0,3,381.83,100,0.01,0.12,0.36,0.318528,,,0,,,0.0,4.0,5.0
0.510526,0.1409,50.0,5,381.83,100,0.01,0.12,0.6,0.472268,,,0,,,0.0,4.0,5.0
0.510526,0.1409,50.0,10,381.83,100,0.01,0.12,1.0,0.721499,0.65,R2_A tau_arf,100,0.5525,0.7364,0.0,4.0,5.0
0.510526,0.1409,50.0,20,381.83,100,0.01,0.12,1.0,0.922437,,,0,,,0.0,4.0,5.0
0.510526,0.1409,50.0,50,381.83,100,0.01,0.12,1.0,0.998325,,,0,,,0.0,4.0,5.0
0.715789,0.1936,8.0,1,43.57,100,0.0,0.01,0.01,0.01,0.01,R6 tau_hat (identity),100,,,0.0,4.0,5.0
0.715789,0.1936,8.0,2,43.57,100,0.0,0.01,0.02,0.0199,,,0,,,0.0,4.0,5.0
0.715789,0.1936,8.0,3,43.57,100,0.0,0.01,0.03,0.029701,,,0,,,0.0,4.0,5.0
0.715789,0.1936,8.0,5,43.57,100,0.0,0.01,0.05,0.04901,,,0,,,0.0,4.0,5.0
0.715789,0.1936,8.0,10,43.57,100,0.0,0.01,0.1,0.095618,0.04,R2_A tau_arf,100,0.0157,0.0984,0.0,4.0,5.0
0.715789,0.1936,8.0,20,43.57,100,0.0,0.01,0.2,0.182093,,,0,,,0.0,4.0,5.0
0.715789,0.1936,8.0,50,43.57,100,0.0,0.01,0.5,0.394994,,,0,,,0.0,4.0,5.0
0.715789,0.1936,15.0,1,81.69,100,0.0,0.02,0.02,0.02,0.02,R6 tau_hat (identity),100,,,0.0,4.0,5.0
0.715789,0.1936,15.0,2,81.69,100,0.0,0.02,0.04,0.0396,,,0,,,0.0,4.0,5.0
0.715789,0.1936,15.0,3,81.69,100,0.0,0.02,0.06,0.058808,,,0,,,0.0,4.0,5.0
0.715789,0.1936,15.0,5,81.69,100,0.0,0.02,0.1,0.096079,,,0,,,0.0,4.0,5.0
0.715789,0.1936,15.0,10,81.69,100,0.0,0.02,0.2,0.182927,0.13,R2_A tau_arf,100,0.0776,0.2098,0.0,4.0,5.0
0.715789,0.1936,15.0,20,81.69,100,0.0,0.02,0.4,0.332392,,,0,,,0.0,4.0,5.0
0.715789,0.1936,15.0,50,81.69,100,0.0,0.02,1.0,0.63583,,,0,,,0.0,4.0,5.0
0.715789,0.1936,25.0,1,136.15,100,0.0,0.08,0.08,0.08,0.08,R6 tau_hat (identity),100,,,0.0,4.0,5.0
0.715789,0.1936,25.0,2,136.15,100,0.0,0.08,0.16,0.1536,,,0,,,0.0,4.0,5.0
0.715789,0.1936,25.0,3,136.15,100,0.0,0.08,0.24,0.221312,,,0,,,0.0,4.0,5.0
0.715789,0.1936,25.0,5,136.15,100,0.0,0.08,0.4,0.340918,,,0,,,0.0,4.0,5.0
0.715789,0.1936,25.0,10,136.15,100,0.0,0.08,0.8,0.565612,0.48,R2_A tau_arf,100,0.3846,0.5768,0.0,4.0,5.0
0.715789,0.1936,25.0,20,136.15,100,0.0,0.08,1.0,0.811307,,,0,,,0.0,4.0,5.0
0.715789,0.1936,25.0,50,136.15,100,0.0,0.08,1.0,0.984534,,,0,,,0.0,4.0,5.0
0.715789,0.1936,50.0,1,272.3,100,0.0,0.23,0.23,0.23,0.23,R6 tau_hat (identity),100,,,0.0,4.0,5.0
0.715789,0.1936,50.0,2,272.3,100,0.0,0.23,0.46,0.4071,,,0,,,0.0,4.0,5.0
0.715789,0.1936,50.0,3,272.3,100,0.0,0.23,0.69,0.543467,,,0,,,0.0,4.0,5.0
0.715789,0.1936,50.0,5,272.3,100,0.0,0.23,1.0,0.729322,,,0,,,0.0,4.0,5.0
0.715789,0.1936,50.0,10,272.3,100,0.0,0.23,1.0,0.926733,0.89,R2_A tau_arf,100,0.8137,0.9375,0.0,4.0,5.0
0.715789,0.1936,50.0,20,272.3,100,0.0,0.23,1.0,0.994632,,,0,,,0.0,4.0,5.0
0.715789,0.1936,50.0,50,272.3,100,0.0,0.23,1.0,0.999998,,,0,,,0.0,4.0,5.0
0.921053,0.2426,8.0,1,34.4,100,0.0,0.0,0.0,0.0,0.0,R6 tau_hat (identity),100,,,0.0,46.0,5.0
0.921053,0.2426,8.0,2,34.4,100,0.0,0.0,0.0,0.0,,,0,,,0.0,46.0,5.0
0.921053,0.2426,8.0,3,34.4,100,0.0,0.0,0.0,0.0,,,0,,,0.0,46.0,5.0
0.921053,0.2426,8.0,5,34.4,100,0.0,0.0,0.0,0.0,,,0,,,0.0,46.0,5.0
0.921053,0.2426,8.0,10,34.4,100,0.0,0.0,0.0,0.0,0.02,R2_A tau_arf,100,0.0055,0.07,0.0,46.0,5.0
0.921053,0.2426,8.0,20,34.4,100,0.0,0.0,0.0,0.0,,,0,,,0.0,46.0,5.0
0.921053,0.2426,8.0,50,34.4,100,0.0,0.0,0.0,0.0,,,0,,,0.0,46.0,5.0
0.921053,0.2426,15.0,1,64.5,100,0.0,0.05,0.05,0.05,0.05,R6 tau_hat (identity),100,,,0.0,46.0,5.0
0.921053,0.2426,15.0,2,64.5,100,0.0,0.05,0.1,0.0975,,,0,,,0.0,46.0,5.0
0.921053,0.2426,15.0,3,64.5,100,0.0,0.05,0.15,0.142625,,,0,,,0.0,46.0,5.0
0.921053,0.2426,15.0,5,64.5,100,0.0,0.05,0.25,0.226219,,,0,,,0.0,46.0,5.0
0.921053,0.2426,15.0,10,64.5,100,0.0,0.05,0.5,0.401263,0.26,R2_A tau_arf,100,0.184,0.3537,0.0,46.0,5.0
0.921053,0.2426,15.0,20,64.5,100,0.0,0.05,1.0,0.641514,,,0,,,0.0,46.0,5.0
0.921053,0.2426,15.0,50,64.5,100,0.0,0.05,1.0,0.923055,,,0,,,0.0,46.0,5.0
0.921053,0.2426,25.0,1,107.5,100,0.0,0.18,0.18,0.18,0.18,R6 tau_hat (identity),100,,,0.0,46.0,5.0
0.921053,0.2426,25.0,2,107.5,100,0.0,0.18,0.36,0.3276,,,0,,,0.0,46.0,5.0
0.921053,0.2426,25.0,3,107.5,100,0.0,0.18,0.54,0.448632,,,0,,,0.0,46.0,5.0
0.921053,0.2426,25.0,5,107.5,100,0.0,0.18,0.9,0.62926,,,0,,,0.0,46.0,5.0
0.921053,0.2426,25.0,10,107.5,100,0.0,0.18,1.0,0.862552,0.72,R2_A tau_arf,100,0.6251,0.7986,0.0,46.0,5.0
0.921053,0.2426,25.0,20,107.5,100,0.0,0.18,1.0,0.981108,,,0,,,0.0,46.0,5.0
0.921053,0.2426,25.0,50,107.5,100,0.0,0.18,1.0,0.999951,,,0,,,0.0,46.0,5.0
0.921053,0.2426,50.0,1,214.99,100,0.0,0.34,0.34,0.34,0.34,R6 tau_hat (identity),100,,,0.0,46.0,5.0
0.921053,0.2426,50.0,2,214.99,100,0.0,0.34,0.68,0.5644,,,0,,,0.0,46.0,5.0
0.921053,0.2426,50.0,3,214.99,100,0.0,0.34,1.0,0.712504,,,0,,,0.0,46.0,5.0
0.921053,0.2426,50.0,5,214.99,100,0.0,0.34,1.0,0.874767,,,0,,,0.0,46.0,5.0
0.921053,0.2426,50.0,10,214.99,100,0.0,0.34,1.0,0.984317,0.94,R2_A tau_arf,100,0.8752,0.9722,0.0,46.0,5.0
0.921053,0.2426,50.0,20,214.99,100,0.0,0.34,1.0,0.999754,,,0,,,0.0,46.0,5.0
0.921053,0.2426,50.0,50,214.99,100,0.0,0.34,1.0,1.0,,,0,,,0.0,46.0,5.0
1.126316,0.2871,8.0,1,28.87,100,0.0,0.0,0.0,0.0,0.0,R6 tau_hat (identity),100,,,0.0,42.0,25.0
1.126316,0.2871,8.0,2,28.87,100,0.0,0.0,0.0,0.0,,,0,,,0.0,42.0,25.0
1.126316,0.2871,8.0,3,28.87,100,0.0,0.0,0.0,0.0,,,0,,,0.0,42.0,25.0
1.126316,0.2871,8.0,5,28.87,100,0.0,0.0,0.0,0.0,,,0,,,0.0,42.0,25.0
1.126316,0.2871,8.0,10,28.87,100,0.0,0.0,0.0,0.0,0.02,R2_A tau_arf,100,0.0055,0.07,0.0,42.0,25.0
1.126316,0.2871,8.0,20,28.87,100,0.0,0.0,0.0,0.0,,,0,,,0.0,42.0,25.0
1.126316,0.2871,8.0,50,28.87,100,0.0,0.0,0.0,0.0,,,0,,,0.0,42.0,25.0
1.126316,0.2871,15.0,1,54.13,100,0.0,0.07,0.07,0.07,0.07,R6 tau_hat (identity),100,,,0.0,42.0,25.0
1.126316,0.2871,15.0,2,54.13,100,0.0,0.07,0.14,0.1351,,,0,,,0.0,42.0,25.0
1.126316,0.2871,15.0,3,54.13,100,0.0,0.07,0.21,0.195643,,,0,,,0.0,42.0,25.0
1.126316,0.2871,15.0,5,54.13,100,0.0,0.07,0.35,0.304312,,,0,,,0.0,42.0,25.0
1.126316,0.2871,15.0,10,54.13,100,0.0,0.07,0.7,0.516018,0.3,R2_A tau_arf,100,0.2189,0.3958,0.0,42.0,25.0
1.126316,0.2871,15.0,20,54.13,100,0.0,0.07,1.0,0.765761,,,0,,,0.0,42.0,25.0
1.126316,0.2871,15.0,50,54.13,100,0.0,0.07,1.0,0.973445,,,0,,,0.0,42.0,25.0
1.126316,0.2871,25.0,1,90.22,100,0.0,0.26,0.26,0.26,0.26,R6 tau_hat (identity),100,,,0.0,42.0,25.0
1.126316,0.2871,25.0,2,90.22,100,0.0,0.26,0.52,0.4524,,,0,,,0.0,42.0,25.0
1.126316,0.2871,25.0,3,90.22,100,0.0,0.26,0.78,0.594776,,,0,,,0.0,42.0,25.0
1.126316,0.2871,25.0,5,90.22,100,0.0,0.26,1.0,0.778099,,,0,,,0.0,42.0,25.0
1.126316,0.2871,25.0,10,90.22,100,0.0,0.26,1.0,0.95076,0.75,R2_A tau_arf,100,0.657,0.8245,0.0,42.0,25.0
1.126316,0.2871,25.0,20,90.22,100,0.0,0.26,1.0,0.997575,,,0,,,0.0,42.0,25.0
1.126316,0.2871,25.0,50,90.22,100,0.0,0.26,1.0,1.0,,,0,,,0.0,42.0,25.0
1.126316,0.2871,50.0,1,180.44,100,0.0,0.43,0.43,0.43,0.43,R6 tau_hat (identity),100,,,0.0,42.0,25.0
1.126316,0.2871,50.0,2,180.44,100,0.0,0.43,0.86,0.6751,,,0,,,0.0,42.0,25.0
1.126316,0.2871,50.0,3,180.44,100,0.0,0.43,1.0,0.814807,,,0,,,0.0,42.0,25.0
1.126316,0.2871,50.0,5,180.44,100,0.0,0.43,1.0,0.939831,,,0,,,0.0,42.0,25.0
1.126316,0.2871,50.0,10,180.44,100,0.0,0.43,1.0,0.99638,0.98,R2_A tau_arf,100,0.93,0.9945,0.0,42.0,25.0
1.126316,0.2871,50.0,20,180.44,100,0.0,0.43,1.0,0.999987,,,0,,,0.0,42.0,25.0
1.126316,0.2871,50.0,50,180.44,100,0.0,0.43,1.0,1.0,,,0,,,0.0,42.0,25.0
1.331579,0.3268,8.0,1,25.25,100,0.0,0.0,0.0,0.0,0.0,R6 tau_hat (identity),100,,,0.0,33.0,24.0
1.331579,0.3268,8.0,2,25.25,100,0.0,0.0,0.0,0.0,,,0,,,0.0,33.0,24.0
1.331579,0.3268,8.0,3,25.25,100,0.0,0.0,0.0,0.0,,,0,,,0.0,33.0,24.0
1.331579,0.3268,8.0,5,25.25,100,0.0,0.0,0.0,0.0,,,0,,,0.0,33.0,24.0
1.331579,0.3268,8.0,10,25.25,100,0.0,0.0,0.0,0.0,0.04,R2_A tau_arf,100,0.0157,0.0984,0.0,33.0,24.0
1.331579,0.3268,8.0,20,25.25,100,0.0,0.0,0.0,0.0,,,0,,,0.0,33.0,24.0
1.331579,0.3268,8.0,50,25.25,100,0.0,0.0,0.0,0.0,,,0,,,0.0,33.0,24.0
1.331579,0.3268,15.0,1,47.35,100,0.0,0.07,0.07,0.07,0.07,R6 tau_hat (identity),100,,,0.0,33.0,24.0
1.331579,0.3268,15.0,2,47.35,100,0.0,0.07,0.14,0.1351,,,0,,,0.0,33.0,24.0
1.331579,0.3268,15.0,3,47.35,100,0.0,0.07,0.21,0.195643,,,0,,,0.0,33.0,24.0
1.331579,0.3268,15.0,5,47.35,100,0.0,0.07,0.35,0.304312,,,0,,,0.0,33.0,24.0
1.331579,0.3268,15.0,10,47.35,100,0.0,0.07,0.7,0.516018,0.43,R2_A tau_arf,100,0.3373,0.5278,0.0,33.0,24.0
1.331579,0.3268,15.0,20,47.35,100,0.0,0.07,1.0,0.765761,,,0,,,0.0,33.0,24.0
1.331579,0.3268,15.0,50,47.35,100,0.0,0.07,1.0,0.973445,,,0,,,0.0,33.0,24.0
1.331579,0.3268,25.0,1,78.92,100,0.0,0.28,0.28,0.28,0.28,R6 tau_hat (identity),100,,,0.0,33.0,24.0
1.331579,0.3268,25.0,2,78.92,100,0.0,0.28,0.56,0.4816,,,0,,,0.0,33.0,24.0
1.331579,0.3268,25.0,3,78.92,100,0.0,0.28,0.84,0.626752,,,0,,,0.0,33.0,24.0
1.331579,0.3268,25.0,5,78.92,100,0.0,0.28,1.0,0.806508,,,0,,,0.0,33.0,24.0
1.331579,0.3268,25.0,10,78.92,100,0.0,0.28,1.0,0.962561,0.82,R2_A tau_arf,100,0.7333,0.883,0.0,33.0,24.0
1.331579,0.3268,25.0,20,78.92,100,0.0,0.28,1.0,0.998598,,,0,,,0.0,33.0,24.0
1.331579,0.3268,25.0,50,78.92,100,0.0,0.28,1.0,1.0,,,0,,,0.0,33.0,24.0
1.331579,0.3268,50.0,1,157.83,100,0.0,0.49,0.49,0.49,0.49,R6 tau_hat (identity),100,,,0.0,33.0,24.0
1.331579,0.3268,50.0,2,157.83,100,0.0,0.49,0.98,0.7399,,,0,,,0.0,33.0,24.0
1.331579,0.3268,50.0,3,157.83,100,0.0,0.49,1.0,0.867349,,,0,,,0.0,33.0,24.0
1.331579,0.3268,50.0,5,157.83,100,0.0,0.49,1.0,0.965497,,,0,,,0.0,33.0,24.0
1.331579,0.3268,50.0,10,157.83,100,0.0,0.49,1.0,0.99881,1.0,R2_A tau_arf,100,0.963,1.0,0.0,33.0,24.0
1.331579,0.3268,50.0,20,157.83,100,0.0,0.49,1.0,0.999999,,,0,,,0.0,33.0,24.0
1.331579,0.3268,50.0,50,157.83,100,0.0,0.49,1.0,1.0,,,0,,,0.0,33.0,24.0
1.536842,0.3614,8.0,1,22.76,100,0.0,0.0,0.0,0.0,0.0,R6 tau_hat (identity),100,,,0.0,33.0,20.0
1.536842,0.3614,8.0,2,22.76,100,0.0,0.0,0.0,0.0,,,0,,,0.0,33.0,20.0
1.536842,0.3614,8.0,3,22.76,100,0.0,0.0,0.0,0.0,,,0,,,0.0,33.0,20.0
1.536842,0.3614,8.0,5,22.76,100,0.0,0.0,0.0,0.0,,,0,,,0.0,33.0,20.0
1.536842,0.3614,8.0,10,22.76,100,0.0,0.0,0.0,0.0,0.01,R2_A tau_arf,100,0.0018,0.0545,0.0,33.0,20.0
1.536842,0.3614,8.0,20,22.76,100,0.0,0.0,0.0,0.0,,,0,,,0.0,33.0,20.0
1.536842,0.3614,8.0,50,22.76,100,0.0,0.0,0.0,0.0,,,0,,,0.0,33.0,20.0
1.536842,0.3614,15.0,1,42.68,100,0.0,0.07,0.07,0.07,0.07,R6 tau_hat (identity),100,,,0.0,33.0,20.0
1.536842,0.3614,15.0,2,42.68,100,0.0,0.07,0.14,0.1351,,,0,,,0.0,33.0,20.0
1.536842,0.3614,15.0,3,42.68,100,0.0,0.07,0.21,0.195643,,,0,,,0.0,33.0,20.0
1.536842,0.3614,15.0,5,42.68,100,0.0,0.07,0.35,0.304312,,,0,,,0.0,33.0,20.0
1.536842,0.3614,15.0,10,42.68,100,0.0,0.07,0.7,0.516018,0.42,R2_A tau_arf,100,0.328,0.5179,0.0,33.0,20.0
1.536842,0.3614,15.0,20,42.68,100,0.0,0.07,1.0,0.765761,,,0,,,0.0,33.0,20.0
1.536842,0.3614,15.0,50,42.68,100,0.0,0.07,1.0,0.973445,,,0,,,0.0,33.0,20.0
1.536842,0.3614,25.0,1,71.14,100,0.0,0.33,0.33,0.33,0.33,R6 tau_hat (identity),100,,,0.0,33.0,20.0
1.536842,0.3614,25.0,2,71.14,100,0.0,0.33,0.66,0.5511,,,0,,,0.0,33.0,20.0
1.536842,0.3614,25.0,3,71.14,100,0.0,0.33,0.99,0.699237,,,0,,,0.0,33.0,20.0
1.536842,0.3614,25.0,5,71.14,100,0.0,0.33,1.0,0.864987,,,0,,,0.0,33.0,20.0
1.536842,0.3614,25.0,10,71.14,100,0.0,0.33,1.0,0.981772,0.88,R2_A tau_arf,100,0.8019,0.93,0.0,33.0,20.0
1.536842,0.3614,25.0,20,71.14,100,0.0,0.33,1.0,0.999668,,,0,,,0.0,33.0,20.0
1.536842,0.3614,25.0,50,71.14,100,0.0,0.33,1.0,1.0,,,0,,,0.0,33.0,20.0
1.536842,0.3614,50.0,1,142.28,100,0.0,0.55,0.55,0.55,0.55,R6 tau_hat (identity),100,,,0.0,33.0,20.0
1.536842,0.3614,50.0,2,142.28,100,0.0,0.55,1.0,0.7975,,,0,,,0.0,33.0,20.0
1.536842,0.3614,50.0,3,142.28,100,0.0,0.55,1.0,0.908875,,,0,,,0.0,33.0,20.0
1.536842,0.3614,50.0,5,142.28,100,0.0,0.55,1.0,0.981547,,,0,,,0.0,33.0,20.0
1.536842,0.3614,50.0,10,142.28,100,0.0,0.55,1.0,0.999659,1.0,R2_A tau_arf,100,0.963,1.0,0.0,33.0,20.0
1.536842,0.3614,50.0,20,142.28,100,0.0,0.55,1.0,1.0,,,0,,,0.0,33.0,20.0
1.536842,0.3614,50.0,50,142.28,100,0.0,0.55,1.0,1.0,,,0,,,0.0,33.0,20.0
1.742105,0.391,8.0,1,21.0,100,0.0,0.01,0.01,0.01,0.01,R6 tau_hat (identity),100,,,0.0,20.0,17.0
1.742105,0.391,8.0,2,21.0,100,0.0,0.01,0.02,0.0199,,,0,,,0.0,20.0,17.0
1.742105,0.391,8.0,3,21.0,100,0.0,0.01,0.03,0.029701,,,0,,,0.0,20.0,17.0
1.742105,0.391,8.0,5,21.0,100,0.0,0.01,0.05,0.04901,,,0,,,0.0,20.0,17.0
1.742105,0.391,8.0,10,21.0,100,0.0,0.01,0.1,0.095618,0.01,R2_A tau_arf,100,0.0018,0.0545,0.0,20.0,17.0
1.742105,0.391,8.0,20,21.0,100,0.0,0.01,0.2,0.182093,,,0,,,0.0,20.0,17.0
1.742105,0.391,8.0,50,21.0,100,0.0,0.01,0.5,0.394994,,,0,,,0.0,20.0,17.0
1.742105,0.391,15.0,1,39.37,100,0.0,0.09,0.09,0.09,0.09,R6 tau_hat (identity),100,,,0.0,20.0,17.0
1.742105,0.391,15.0,2,39.37,100,0.0,0.09,0.18,0.1719,,,0,,,0.0,20.0,17.0
1.742105,0.391,15.0,3,39.37,100,0.0,0.09,0.27,0.246429,,,0,,,0.0,20.0,17.0
1.742105,0.391,15.0,5,39.37,100,0.0,0.09,0.45,0.375968,,,0,,,0.0,20.0,17.0
1.742105,0.391,15.0,10,39.37,100,0.0,0.09,0.9,0.610584,0.45,R2_A tau_arf,100,0.3561,0.5476,0.0,20.0,17.0
1.742105,0.391,15.0,20,39.37,100,0.0,0.09,1.0,0.848355,,,0,,,0.0,20.0,17.0
1.742105,0.391,15.0,50,39.37,100,0.0,0.09,1.0,0.991045,,,0,,,0.0,20.0,17.0
1.742105,0.391,25.0,1,65.62,100,0.0,0.39,0.39,0.39,0.39,R6 tau_hat (identity),100,,,0.0,20.0,17.0
1.742105,0.391,25.0,2,65.62,100,0.0,0.39,0.78,0.6279,,,0,,,0.0,20.0,17.0
1.742105,0.391,25.0,3,65.62,100,0.0,0.39,1.0,0.773019,,,0,,,0.0,20.0,17.0
1.742105,0.391,25.0,5,65.62,100,0.0,0.39,1.0,0.91554,,,0,,,0.0,20.0,17.0
1.742105,0.391,25.0,10,65.62,100,0.0,0.39,1.0,0.992867,0.92,R2_A tau_arf,100,0.85,0.9589,0.0,20.0,17.0
1.742105,0.391,25.0,20,65.62,100,0.0,0.39,1.0,0.999949,,,0,,,0.0,20.0,17.0
1.742105,0.391,25.0,50,65.62,100,0.0,0.39,1.0,1.0,,,0,,,0.0,20.0,17.0
1.742105,0.391,50.0,1,131.23,100,0.0,0.62,0.62,0.62,0.62,R6 tau_hat (identity),100,,,0.0,20.0,17.0
1.742105,0.391,50.0,2,131.23,100,0.0,0.62,1.0,0.8556,,,0,,,0.0,20.0,17.0
1.742105,0.391,50.0,3,131.23,100,0.0,0.62,1.0,0.945128,,,0,,,0.0,20.0,17.0
1.742105,0.391,50.0,5,131.23,100,0.0,0.62,1.0,0.992076,,,0,,,0.0,20.0,17.0
1.742105,0.391,50.0,10,131.23,100,0.0,0.62,1.0,0.999937,1.0,R2_A tau_arf,100,0.963,1.0,0.0,20.0,17.0
1.742105,0.391,50.0,20,131.23,100,0.0,0.62,1.0,1.0,,,0,,,0.0,20.0,17.0
1.742105,0.391,50.0,50,131.23,100,0.0,0.62,1.0,1.0,,,0,,,0.0,20.0,17.0
1.947368,0.4157,8.0,1,19.72,100,0.0,0.0,0.0,0.0,0.0,R6 tau_hat (identity),100,,,0.0,20.0,17.0
1.947368,0.4157,8.0,2,19.72,100,0.0,0.0,0.0,0.0,,,0,,,0.0,20.0,17.0
1.947368,0.4157,8.0,3,19.72,100,0.0,0.0,0.0,0.0,,,0,,,0.0,20.0,17.0
1.947368,0.4157,8.0,5,19.72,100,0.0,0.0,0.0,0.0,,,0,,,0.0,20.0,17.0
1.947368,0.4157,8.0,10,19.72,100,0.0,0.0,0.0,0.0,0.01,R2_A tau_arf,100,0.0018,0.0545,0.0,20.0,17.0
1.947368,0.4157,8.0,20,19.72,100,0.0,0.0,0.0,0.0,,,0,,,0.0,20.0,17.0
1.947368,0.4157,8.0,50,19.72,100,0.0,0.0,0.0,0.0,,,0,,,0.0,20.0,17.0
1.947368,0.4157,15.0,1,36.97,100,0.0,0.11,0.11,0.11,0.11,R6 tau_hat (identity),100,,,0.0,20.0,17.0
1.947368,0.4157,15.0,2,36.97,100,0.0,0.11,0.22,0.2079,,,0,,,0.0,20.0,17.0
1.947368,0.4157,15.0,3,36.97,100,0.0,0.11,0.33,0.295031,,,0,,,0.0,20.0,17.0
1.947368,0.4157,15.0,5,36.97,100,0.0,0.11,0.55,0.441594,,,0,,,0.0,20.0,17.0
1.947368,0.4157,15.0,10,36.97,100,0.0,0.11,1.0,0.688183,0.5,R2_A tau_arf,100,0.4038,0.5962,0.0,20.0,17.0
1.947368,0.4157,15.0,20,36.97,100,0.0,0.11,1.0,0.90277,,,0,,,0.0,20.0,17.0
1.947368,0.4157,15.0,50,36.97,100,0.0,0.11,1.0,0.997052,,,0,,,0.0,20.0,17.0
1.947368,0.4157,25.0,1,61.62,100,0.0,0.38,0.38,0.38,0.38,R6 tau_hat (identity),100,,,0.0,20.0,17.0
1.947368,0.4157,25.0,2,61.62,100,0.0,0.38,0.76,0.6156,,,0,,,0.0,20.0,17.0
1.947368,0.4157,25.0,3,61.62,100,0.0,0.38,1.0,0.761672,,,0,,,0.0,20.0,17.0
1.947368,0.4157,25.0,5,61.62,100,0.0,0.38,1.0,0.908387,,,0,,,0.0,20.0,17.0
1.947368,0.4157,25.0,10,61.62,100,0.0,0.38,1.0,0.991607,0.92,R2_A tau_arf,100,0.85,0.9589,0.0,20.0,17.0
1.947368,0.4157,25.0,20,61.62,100,0.0,0.38,1.0,0.99993,,,0,,,0.0,20.0,17.0
1.947368,0.4157,25.0,50,61.62,100,0.0,0.38,1.0,1.0,,,0,,,0.0,20.0,17.0
1.947368,0.4157,50.0,1,123.23,100,0.0,0.63,0.63,0.63,0.63,R6 tau_hat (identity),100,,,0.0,20.0,17.0
1.947368,0.4157,50.0,2,123.23,100,0.0,0.63,1.0,0.8631,,,0,,,0.0,20.0,17.0
1.947368,0.4157,50.0,3,123.23,100,0.0,0.63,1.0,0.949347,,,0,,,0.0,20.0,17.0
1.947368,0.4157,50.0,5,123.23,100,0.0,0.63,1.0,0.993066,,,0,,,0.0,20.0,17.0
1.947368,0.4157,50.0,10,123.23,100,0.0,0.63,1.0,0.999952,1.0,R2_A tau_arf,100,0.963,1.0,0.0,20.0,17.0
1.947368,0.4157,50.0,20,123.23,100,0.0,0.63,1.0,1.0,,,0,,,0.0,20.0,17.0
1.947368,0.4157,50.0,50,123.23,100,0.0,0.63,1.0,1.0,,,0,,,0.0,20.0,17.0
2.152632,0.436,8.0,1,18.78,100,0.01,0.0,0.0,0.0,0.0,R6 tau_hat (identity),100,,,0.0,20.0,17.0
2.152632,0.436,8.0,2,18.78,100,0.01,0.0,0.0,0.0,,,0,,,0.0,20.0,17.0
2.152632,0.436,8.0,3,18.78,100,0.01,0.0,0.0,0.0,,,0,,,0.0,20.0,17.0
2.152632,0.436,8.0,5,18.78,100,0.01,0.0,0.0,0.0,,,0,,,0.0,20.0,17.0
2.152632,0.436,8.0,10,18.78,100,0.01,0.0,0.0,0.0,0.01,R2_A tau_arf,100,0.0018,0.0545,0.0,20.0,17.0
2.152632,0.436,8.0,20,18.78,100,0.01,0.0,0.0,0.0,,,0,,,0.0,20.0,17.0
2.152632,0.436,8.0,50,18.78,100,0.01,0.0,0.0,0.0,,,0,,,0.0,20.0,17.0
2.152632,0.436,15.0,1,35.21,100,0.01,0.13,0.13,0.13,0.13,R6 tau_hat (identity),100,,,0.0,20.0,17.0
2.152632,0.436,15.0,2,35.21,100,0.01,0.13,0.26,0.2431,,,0,,,0.0,20.0,17.0
2.152632,0.436,15.0,3,35.21,100,0.01,0.13,0.39,0.341497,,,0,,,0.0,20.0,17.0
2.152632,0.436,15.0,5,35.21,100,0.01,0.13,0.65,0.501579,,,0,,,0.0,20.0,17.0
2.152632,0.436,15.0,10,35.21,100,0.01,0.13,1.0,0.751577,0.56,R2_A tau_arf,100,0.4623,0.6533,0.0,20.0,17.0
2.152632,0.436,15.0,20,35.21,100,0.01,0.13,1.0,0.938286,,,0,,,0.0,20.0,17.0
2.152632,0.436,15.0,50,35.21,100,0.01,0.13,1.0,0.999054,,,0,,,0.0,20.0,17.0
2.152632,0.436,25.0,1,58.68,100,0.01,0.43,0.43,0.43,0.43,R6 tau_hat (identity),100,,,0.0,20.0,17.0
2.152632,0.436,25.0,2,58.68,100,0.01,0.43,0.86,0.6751,,,0,,,0.0,20.0,17.0
2.152632,0.436,25.0,3,58.68,100,0.01,0.43,1.0,0.814807,,,0,,,0.0,20.0,17.0
2.152632,0.436,25.0,5,58.68,100,0.01,0.43,1.0,0.939831,,,0,,,0.0,20.0,17.0
2.152632,0.436,25.0,10,58.68,100,0.01,0.43,1.0,0.99638,0.96,R2_A tau_arf,100,0.9016,0.9843,0.0,20.0,17.0
2.152632,0.436,25.0,20,58.68,100,0.01,0.43,1.0,0.999987,,,0,,,0.0,20.0,17.0
2.152632,0.436,25.0,50,58.68,100,0.01,0.43,1.0,1.0,,,0,,,0.0,20.0,17.0
2.152632,0.436,50.0,1,117.37,100,0.01,0.67,0.67,0.67,0.67,R6 tau_hat (identity),100,,,0.0,20.0,17.0
2.152632,0.436,50.0,2,117.37,100,0.01,0.67,1.0,0.8911,,,0,,,0.0,20.0,17.0
2.152632,0.436,50.0,3,117.37,100,0.01,0.67,1.0,0.964063,,,0,,,0.0,20.0,17.0
2.152632,0.436,50.0,5,117.37,100,0.01,0.67,1.0,0.996086,,,0,,,0.0,20.0,17.0
2.152632,0.436,50.0,10,117.37,100,0.01,0.67,1.0,0.999985,1.0,R2_A tau_arf,100,0.963,1.0,0.0,20.0,17.0
2.152632,0.436,50.0,20,117.37,100,0.01,0.67,1.0,1.0,,,0,,,0.0,20.0,17.0
2.152632,0.436,50.0,50,117.37,100,0.01,0.67,1.0,1.0,,,0,,,0.0,20.0,17.0
2.357895,0.4523,8.0,1,18.09,100,0.0,0.0,0.0,0.0,0.0,R6 tau_hat (identity),100,,,0.0,20.0,17.0
2.357895,0.4523,8.0,2,18.09,100,0.0,0.0,0.0,0.0,,,0,,,0.0,20.0,17.0
2.357895,0.4523,8.0,3,18.09,100,0.0,0.0,0.0,0.0,,,0,,,0.0,20.0,17.0
2.357895,0.4523,8.0,5,18.09,100,0.0,0.0,0.0,0.0,,,0,,,0.0,20.0,17.0
2.357895,0.4523,8.0,10,18.09,100,0.0,0.0,0.0,0.0,0.02,R2_A tau_arf,100,0.0055,0.07,0.0,20.0,17.0
2.357895,0.4523,8.0,20,18.09,100,0.0,0.0,0.0,0.0,,,0,,,0.0,20.0,17.0
2.357895,0.4523,8.0,50,18.09,100,0.0,0.0,0.0,0.0,,,0,,,0.0,20.0,17.0
2.357895,0.4523,15.0,1,33.92,100,0.0,0.12,0.12,0.12,0.12,R6 tau_hat (identity),100,,,0.0,20.0,17.0
2.357895,0.4523,15.0,2,33.92,100,0.0,0.12,0.24,0.2256,,,0,,,0.0,20.0,17.0
2.357895,0.4523,15.0,3,33.92,100,0.0,0.12,0.36,0.318528,,,0,,,0.0,20.0,17.0
2.357895,0.4523,15.0,5,33.92,100,0.0,0.12,0.6,0.472268,,,0,,,0.0,20.0,17.0
2.357895,0.4523,15.0,10,33.92,100,0.0,0.12,1.0,0.721499,0.51,R2_A tau_arf,100,0.4135,0.6058,0.0,20.0,17.0
2.357895,0.4523,15.0,20,33.92,100,0.0,0.12,1.0,0.922437,,,0,,,0.0,20.0,17.0
2.357895,0.4523,15.0,50,33.92,100,0.0,0.12,1.0,0.998325,,,0,,,0.0,20.0,17.0
2.357895,0.4523,25.0,1,56.53,100,0.0,0.45,0.45,0.45,0.45,R6 tau_hat (identity),100,,,0.0,20.0,17.0
2.357895,0.4523,25.0,2,56.53,100,0.0,0.45,0.9,0.6975,,,0,,,0.0,20.0,17.0
2.357895,0.4523,25.0,3,56.53,100,0.0,0.45,1.0,0.833625,,,0,,,0.0,20.0,17.0
2.357895,0.4523,25.0,5,56.53,100,0.0,0.45,1.0,0.949672,,,0,,,0.0,20.0,17.0
2.357895,0.4523,25.0,10,56.53,100,0.0,0.45,1.0,0.997467,0.97,R2_A tau_arf,100,0.9155,0.9897,0.0,20.0,17.0
2.357895,0.4523,25.0,20,56.53,100,0.0,0.45,1.0,0.999994,,,0,,,0.0,20.0,17.0
2.357895,0.4523,25.0,50,56.53,100,0.0,0.45,1.0,1.0,,,0,,,0.0,20.0,17.0
2.357895,0.4523,50.0,1,113.05,100,0.0,0.67,0.67,0.67,0.67,R6 tau_hat (identity),100,,,0.0,20.0,17.0
2.357895,0.4523,50.0,2,113.05,100,0.0,0.67,1.0,0.8911,,,0,,,0.0,20.0,17.0
2.357895,0.4523,50.0,3,113.05,100,0.0,0.67,1.0,0.964063,,,0,,,0.0,20.0,17.0
2.357895,0.4523,50.0,5,113.05,100,0.0,0.67,1.0,0.996086,,,0,,,0.0,20.0,17.0
2.357895,0.4523,50.0,10,113.05,100,0.0,0.67,1.0,0.999985,1.0,R2_A tau_arf,100,0.963,1.0,0.0,20.0,17.0
2.357895,0.4523,50.0,20,113.05,100,0.0,0.67,1.0,1.0,,,0,,,0.0,20.0,17.0
2.357895,0.4523,50.0,50,113.05,100,0.0,0.67,1.0,1.0,,,0,,,0.0,20.0,17.0
2.563158,0.465,8.0,1,17.58,100,0.0,0.0,0.0,0.0,0.0,R6 tau_hat (identity),100,,,0.0,20.0,17.0
2.563158,0.465,8.0,2,17.58,100,0.0,0.0,0.0,0.0,,,0,,,0.0,20.0,17.0
2.563158,0.465,8.0,3,17.58,100,0.0,0.0,0.0,0.0,,,0,,,0.0,20.0,17.0
2.563158,0.465,8.0,5,17.58,100,0.0,0.0,0.0,0.0,,,0,,,0.0,20.0,17.0
2.563158,0.465,8.0,10,17.58,100,0.0,0.0,0.0,0.0,0.01,R2_A tau_arf,100,0.0018,0.0545,0.0,20.0,17.0
2.563158,0.465,8.0,20,17.58,100,0.0,0.0,0.0,0.0,,,0,,,0.0,20.0,17.0
2.563158,0.465,8.0,50,17.58,100,0.0,0.0,0.0,0.0,,,0,,,0.0,20.0,17.0
2.563158,0.465,15.0,1,32.96,100,0.0,0.14,0.14,0.14,0.14,R6 tau_hat (identity),100,,,0.0,20.0,17.0
2.563158,0.465,15.0,2,32.96,100,0.0,0.14,0.28,0.2604,,,0,,,0.0,20.0,17.0
2.563158,0.465,15.0,3,32.96,100,0.0,0.14,0.42,0.363944,,,0,,,0.0,20.0,17.0
2.563158,0.465,15.0,5,32.96,100,0.0,0.14,0.7,0.529573,,,0,,,0.0,20.0,17.0
2.563158,0.465,15.0,10,32.96,100,0.0,0.14,1.0,0.778698,0.54,R2_A tau_arf,100,0.4426,0.6344,0.0,20.0,17.0
2.563158,0.465,15.0,20,32.96,100,0.0,0.14,1.0,0.951026,,,0,,,0.0,20.0,17.0
2.563158,0.465,15.0,50,32.96,100,0.0,0.14,1.0,0.999469,,,0,,,0.0,20.0,17.0
2.563158,0.465,25.0,1,54.94,100,0.0,0.48,0.48,0.48,0.48,R6 tau_hat (identity),100,,,0.0,20.0,17.0
2.563158,0.465,25.0,2,54.94,100,0.0,0.48,0.96,0.7296,,,0,,,0.0,20.0,17.0
2.563158,0.465,25.0,3,54.94,100,0.0,0.48,1.0,0.859392,,,0,,,0.0,20.0,17.0
2.563158,0.465,25.0,5,54.94,100,0.0,0.48,1.0,0.96198,,,0,,,0.0,20.0,17.0
2.563158,0.465,25.0,10,54.94,100,0.0,0.48,1.0,0.998554,0.97,R2_A tau_arf,100,0.9155,0.9897,0.0,20.0,17.0
2.563158,0.465,25.0,20,54.94,100,0.0,0.48,1.0,0.999998,,,0,,,0.0,20.0,17.0
2.563158,0.465,25.0,50,54.94,100,0.0,0.48,1.0,1.0,,,0,,,0.0,20.0,17.0
2.563158,0.465,50.0,1,109.88,100,0.0,0.68,0.68,0.68,0.68,R6 tau_hat (identity),100,,,0.0,20.0,17.0
2.563158,0.465,50.0,2,109.88,100,0.0,0.68,1.0,0.8976,,,0,,,0.0,20.0,17.0
2.563158,0.465,50.0,3,109.88,100,0.0,0.68,1.0,0.967232,,,0,,,0.0,20.0,17.0
2.563158,0.465,50.0,5,109.88,100,0.0,0.68,1.0,0.996645,,,0,,,0.0,20.0,17.0
2.563158,0.465,50.0,10,109.88,100,0.0,0.68,1.0,0.999989,1.0,R2_A tau_arf,100,0.963,1.0,0.0,20.0,17.0
2.563158,0.465,50.0,20,109.88,100,0.0,0.68,1.0,1.0,,,0,,,0.0,20.0,17.0
2.563158,0.465,50.0,50,109.88,100,0.0,0.68,1.0,1.0,,,0,,,0.0,20.0,17.0
2.768421,0.4749,8.0,1,17.21,100,0.0,0.0,0.0,0.0,0.0,R6 tau_hat (identity),100,,,0.0,20.0,17.0
2.768421,0.4749,8.0,2,17.21,100,0.0,0.0,0.0,0.0,,,0,,,0.0,20.0,17.0
2.768421,0.4749,8.0,3,17.21,100,0.0,0.0,0.0,0.0,,,0,,,0.0,20.0,17.0
2.768421,0.4749,8.0,5,17.21,100,0.0,0.0,0.0,0.0,,,0,,,0.0,20.0,17.0
2.768421,0.4749,8.0,10,17.21,100,0.0,0.0,0.0,0.0,0.01,R2_A tau_arf,100,0.0018,0.0545,0.0,20.0,17.0
2.768421,0.4749,8.0,20,17.21,100,0.0,0.0,0.0,0.0,,,0,,,0.0,20.0,17.0
2.768421,0.4749,8.0,50,17.21,100,0.0,0.0,0.0,0.0,,,0,,,0.0,20.0,17.0
2.768421,0.4749,15.0,1,32.27,100,0.0,0.16,0.16,0.16,0.16,R6 tau_hat (identity),100,,,0.0,20.0,17.0
2.768421,0.4749,15.0,2,32.27,100,0.0,0.16,0.32,0.2944,,,0,,,0.0,20.0,17.0
2.768421,0.4749,15.0,3,32.27,100,0.0,0.16,0.48,0.407296,,,0,,,0.0,20.0,17.0
2.768421,0.4749,15.0,5,32.27,100,0.0,0.16,0.8,0.581788,,,0,,,0.0,20.0,17.0
2.768421,0.4749,15.0,10,32.27,100,0.0,0.16,1.0,0.825099,0.57,R2_A tau_arf,100,0.4722,0.6627,0.0,20.0,17.0
2.768421,0.4749,15.0,20,32.27,100,0.0,0.16,1.0,0.96941,,,0,,,0.0,20.0,17.0
2.768421,0.4749,15.0,50,32.27,100,0.0,0.16,1.0,0.999836,,,0,,,0.0,20.0,17.0
2.768421,0.4749,25.0,1,53.78,100,0.0,0.5,0.5,0.5,0.5,R6 tau_hat (identity),100,,,0.0,20.0,17.0
2.768421,0.4749,25.0,2,53.78,100,0.0,0.5,1.0,0.75,,,0,,,0.0,20.0,17.0
2.768421,0.4749,25.0,3,53.78,100,0.0,0.5,1.0,0.875,,,0,,,0.0,20.0,17.0
2.768421,0.4749,25.0,5,53.78,100,0.0,0.5,1.0,0.96875,,,0,,,0.0,20.0,17.0
2.768421,0.4749,25.0,10,53.78,100,0.0,0.5,1.0,0.999023,0.97,R2_A tau_arf,100,0.9155,0.9897,0.0,20.0,17.0
2.768421,0.4749,25.0,20,53.78,100,0.0,0.5,1.0,0.999999,,,0,,,0.0,20.0,17.0
2.768421,0.4749,25.0,50,53.78,100,0.0,0.5,1.0,1.0,,,0,,,0.0,20.0,17.0
2.768421,0.4749,50.0,1,107.56,100,0.0,0.68,0.68,0.68,0.68,R6 tau_hat (identity),100,,,0.0,20.0,17.0
2.768421,0.4749,50.0,2,107.56,100,0.0,0.68,1.0,0.8976,,,0,,,0.0,20.0,17.0
2.768421,0.4749,50.0,3,107.56,100,0.0,0.68,1.0,0.967232,,,0,,,0.0,20.0,17.0
2.768421,0.4749,50.0,5,107.56,100,0.0,0.68,1.0,0.996645,,,0,,,0.0,20.0,17.0
2.768421,0.4749,50.0,10,107.56,100,0.0,0.68,1.0,0.999989,1.0,R2_A tau_arf,100,0.963,1.0,0.0,20.0,17.0
2.768421,0.4749,50.0,20,107.56,100,0.0,0.68,1.0,1.0,,,0,,,0.0,20.0,17.0
2.768421,0.4749,50.0,50,107.56,100,0.0,0.68,1.0,1.0,,,0,,,0.0,20.0,17.0
2.973684,0.4823,8.0,1,16.94,100,0.0,0.0,0.0,0.0,0.0,R6 tau_hat (identity),100,,,0.0,20.0,17.0
2.973684,0.4823,8.0,2,16.94,100,0.0,0.0,0.0,0.0,,,0,,,0.0,20.0,17.0
2.973684,0.4823,8.0,3,16.94,100,0.0,0.0,0.0,0.0,,,0,,,0.0,20.0,17.0
2.973684,0.4823,8.0,5,16.94,100,0.0,0.0,0.0,0.0,,,0,,,0.0,20.0,17.0
2.973684,0.4823,8.0,10,16.94,100,0.0,0.0,0.0,0.0,0.0,R2_A tau_arf,100,0.0,0.037,0.0,20.0,17.0
2.973684,0.4823,8.0,20,16.94,100,0.0,0.0,0.0,0.0,,,0,,,0.0,20.0,17.0
2.973684,0.4823,8.0,50,16.94,100,0.0,0.0,0.0,0.0,,,0,,,0.0,20.0,17.0
2.973684,0.4823,15.0,1,31.76,100,0.0,0.17,0.17,0.17,0.17,R6 tau_hat (identity),100,,,0.0,20.0,17.0
2.973684,0.4823,15.0,2,31.76,100,0.0,0.17,0.34,0.3111,,,0,,,0.0,20.0,17.0
2.973684,0.4823,15.0,3,31.76,100,0.0,0.17,0.51,0.428213,,,0,,,0.0,20.0,17.0
2.973684,0.4823,15.0,5,31.76,100,0.0,0.17,0.85,0.606096,,,0,,,0.0,20.0,17.0
2.973684,0.4823,15.0,10,31.76,100,0.0,0.17,1.0,0.84484,0.61,R2_A tau_arf,100,0.512,0.6998,0.0,20.0,17.0
2.973684,0.4823,15.0,20,31.76,100,0.0,0.17,1.0,0.975925,,,0,,,0.0,20.0,17.0
2.973684,0.4823,15.0,50,31.76,100,0.0,0.17,1.0,0.99991,,,0,,,0.0,20.0,17.0
2.973684,0.4823,25.0,1,52.94,100,0.0,0.49,0.49,0.49,0.49,R6 tau_hat (identity),100,,,0.0,20.0,17.0
2.973684,0.4823,25.0,2,52.94,100,0.0,0.49,0.98,0.7399,,,0,,,0.0,20.0,17.0
2.973684,0.4823,25.0,3,52.94,100,0.0,0.49,1.0,0.867349,,,0,,,0.0,20.0,17.0
2.973684,0.4823,25.0,5,52.94,100,0.0,0.49,1.0,0.965497,,,0,,,0.0,20.0,17.0
2.973684,0.4823,25.0,10,52.94,100,0.0,0.49,1.0,0.99881,0.97,R2_A tau_arf,100,0.9155,0.9897,0.0,20.0,17.0
2.973684,0.4823,25.0,20,52.94,100,0.0,0.49,1.0,0.999999,,,0,,,0.0,20.0,17.0
2.973684,0.4823,25.0,50,52.94,100,0.0,0.49,1.0,1.0,,,0,,,0.0,20.0,17.0
2.973684,0.4823,50.0,1,105.88,100,0.0,0.67,0.67,0.67,0.67,R6 tau_hat (identity),100,,,0.0,20.0,17.0
2.973684,0.4823,50.0,2,105.88,100,0.0,0.67,1.0,0.8911,,,0,,,0.0,20.0,17.0
2.973684,0.4823,50.0,3,105.88,100,0.0,0.67,1.0,0.964063,,,0,,,0.0,20.0,17.0
2.973684,0.4823,50.0,5,105.88,100,0.0,0.67,1.0,0.996086,,,0,,,0.0,20.0,17.0
2.973684,0.4823,50.0,10,105.88,100,0.0,0.67,1.0,0.999985,1.0,R2_A tau_arf,100,0.963,1.0,0.0,20.0,17.0
2.973684,0.4823,50.0,20,105.88,100,0.0,0.67,1.0,1.0,,,0,,,0.0,20.0,17.0
2.973684,0.4823,50.0,50,105.88,100,0.0,0.67,1.0,1.0,,,0,,,0.0,20.0,17.0
3.178947,0.4877,8.0,1,16.75,100,0.0,0.0,0.0,0.0,0.0,R6 tau_hat (identity),100,,,0.0,20.0,17.0
3.178947,0.4877,8.0,2,16.75,100,0.0,0.0,0.0,0.0,,,0,,,0.0,20.0,17.0
3.178947,0.4877,8.0,3,16.75,100,0.0,0.0,0.0,0.0,,,0,,,0.0,20.0,17.0
3.178947,0.4877,8.0,5,16.75,100,0.0,0.0,0.0,0.0,,,0,,,0.0,20.0,17.0
3.178947,0.4877,8.0,10,16.75,100,0.0,0.0,0.0,0.0,0.0,R2_A tau_arf,100,0.0,0.037,0.0,20.0,17.0
3.178947,0.4877,8.0,20,16.75,100,0.0,0.0,0.0,0.0,,,0,,,0.0,20.0,17.0
3.178947,0.4877,8.0,50,16.75,100,0.0,0.0,0.0,0.0,,,0,,,0.0,20.0,17.0
3.178947,0.4877,15.0,1,31.4,100,0.0,0.17,0.17,0.17,0.17,R6 tau_hat (identity),100,,,0.0,20.0,17.0
3.178947,0.4877,15.0,2,31.4,100,0.0,0.17,0.34,0.3111,,,0,,,0.0,20.0,17.0
3.178947,0.4877,15.0,3,31.4,100,0.0,0.17,0.51,0.428213,,,0,,,0.0,20.0,17.0
3.178947,0.4877,15.0,5,31.4,100,0.0,0.17,0.85,0.606096,,,0,,,0.0,20.0,17.0
3.178947,0.4877,15.0,10,31.4,100,0.0,0.17,1.0,0.84484,0.62,R2_A tau_arf,100,0.5221,0.709,0.0,20.0,17.0
3.178947,0.4877,15.0,20,31.4,100,0.0,0.17,1.0,0.975925,,,0,,,0.0,20.0,17.0
3.178947,0.4877,15.0,50,31.4,100,0.0,0.17,1.0,0.99991,,,0,,,0.0,20.0,17.0
3.178947,0.4877,25.0,1,52.33,100,0.0,0.51,0.51,0.51,0.51,R6 tau_hat (identity),100,,,0.0,20.0,17.0
3.178947,0.4877,25.0,2,52.33,100,0.0,0.51,1.0,0.7599,,,0,,,0.0,20.0,17.0
3.178947,0.4877,25.0,3,52.33,100,0.0,0.51,1.0,0.882351,,,0,,,0.0,20.0,17.0
3.178947,0.4877,25.0,5,52.33,100,0.0,0.51,1.0,0.971752,,,0,,,0.0,20.0,17.0
3.178947,0.4877,25.0,10,52.33,100,0.0,0.51,1.0,0.999202,0.97,R2_A tau_arf,100,0.9155,0.9897,0.0,20.0,17.0
3.178947,0.4877,25.0,20,52.33,100,0.0,0.51,1.0,0.999999,,,0,,,0.0,20.0,17.0
3.178947,0.4877,25.0,50,52.33,100,0.0,0.51,1.0,1.0,,,0,,,0.0,20.0,17.0
3.178947,0.4877,50.0,1,104.67,100,0.0,0.67,0.67,0.67,0.67,R6 tau_hat (identity),100,,,0.0,20.0,17.0
3.178947,0.4877,50.0,2,104.67,100,0.0,0.67,1.0,0.8911,,,0,,,0.0,20.0,17.0
3.178947,0.4877,50.0,3,104.67,100,0.0,0.67,1.0,0.964063,,,0,,,0.0,20.0,17.0
3.178947,0.4877,50.0,5,104.67,100,0.0,0.67,1.0,0.996086,,,0,,,0.0,20.0,17.0
3.178947,0.4877,50.0,10,104.67,100,0.0,0.67,1.0,0.999985,1.0,R2_A tau_arf,100,0.963,1.0,0.0,20.0,17.0
3.178947,0.4877,50.0,20,104.67,100,0.0,0.67,1.0,1.0,,,0,,,0.0,20.0,17.0
3.178947,0.4877,50.0,50,104.67,100,0.0,0.67,1.0,1.0,,,0,,,0.0,20.0,17.0
3.384211,0.4916,8.0,1,16.61,100,0.0,0.0,0.0,0.0,0.0,R6 tau_hat (identity),100,,,0.0,20.0,17.0
3.384211,0.4916,8.0,2,16.61,100,0.0,0.0,0.0,0.0,,,0,,,0.0,20.0,17.0
3.384211,0.4916,8.0,3,16.61,100,0.0,0.0,0.0,0.0,,,0,,,0.0,20.0,17.0
3.384211,0.4916,8.0,5,16.61,100,0.0,0.0,0.0,0.0,,,0,,,0.0,20.0,17.0
3.384211,0.4916,8.0,10,16.61,100,0.0,0.0,0.0,0.0,0.0,R2_A tau_arf,100,0.0,0.037,0.0,20.0,17.0
3.384211,0.4916,8.0,20,16.61,100,0.0,0.0,0.0,0.0,,,0,,,0.0,20.0,17.0
3.384211,0.4916,8.0,50,16.61,100,0.0,0.0,0.0,0.0,,,0,,,0.0,20.0,17.0
3.384211,0.4916,15.0,1,31.14,100,0.0,0.18,0.18,0.18,0.18,R6 tau_hat (identity),100,,,0.0,20.0,17.0
3.384211,0.4916,15.0,2,31.14,100,0.0,0.18,0.36,0.3276,,,0,,,0.0,20.0,17.0
3.384211,0.4916,15.0,3,31.14,100,0.0,0.18,0.54,0.448632,,,0,,,0.0,20.0,17.0
3.384211,0.4916,15.0,5,31.14,100,0.0,0.18,0.9,0.62926,,,0,,,0.0,20.0,17.0
3.384211,0.4916,15.0,10,31.14,100,0.0,0.18,1.0,0.862552,0.62,R2_A tau_arf,100,0.5221,0.709,0.0,20.0,17.0
3.384211,0.4916,15.0,20,31.14,100,0.0,0.18,1.0,0.981108,,,0,,,0.0,20.0,17.0
3.384211,0.4916,15.0,50,31.14,100,0.0,0.18,1.0,0.999951,,,0,,,0.0,20.0,17.0
3.384211,0.4916,25.0,1,51.91,100,0.0,0.5,0.5,0.5,0.5,R6 tau_hat (identity),100,,,0.0,20.0,17.0
3.384211,0.4916,25.0,2,51.91,100,0.0,0.5,1.0,0.75,,,0,,,0.0,20.0,17.0
3.384211,0.4916,25.0,3,51.91,100,0.0,0.5,1.0,0.875,,,0,,,0.0,20.0,17.0
3.384211,0.4916,25.0,5,51.91,100,0.0,0.5,1.0,0.96875,,,0,,,0.0,20.0,17.0
3.384211,0.4916,25.0,10,51.91,100,0.0,0.5,1.0,0.999023,0.98,R2_A tau_arf,100,0.93,0.9945,0.0,20.0,17.0
3.384211,0.4916,25.0,20,51.91,100,0.0,0.5,1.0,0.999999,,,0,,,0.0,20.0,17.0
3.384211,0.4916,25.0,50,51.91,100,0.0,0.5,1.0,1.0,,,0,,,0.0,20.0,17.0
3.384211,0.4916,50.0,1,103.81,100,0.0,0.67,0.67,0.67,0.67,R6 tau_hat (identity),100,,,0.0,20.0,17.0
3.384211,0.4916,50.0,2,103.81,100,0.0,0.67,1.0,0.8911,,,0,,,0.0,20.0,17.0
3.384211,0.4916,50.0,3,103.81,100,0.0,0.67,1.0,0.964063,,,0,,,0.0,20.0,17.0
3.384211,0.4916,50.0,5,103.81,100,0.0,0.67,1.0,0.996086,,,0,,,0.0,20.0,17.0
3.384211,0.4916,50.0,10,103.81,100,0.0,0.67,1.0,0.999985,1.0,R2_A tau_arf,100,0.963,1.0,0.0,20.0,17.0
3.384211,0.4916,50.0,20,103.81,100,0.0,0.67,1.0,1.0,,,0,,,0.0,20.0,17.0
3.384211,0.4916,50.0,50,103.81,100,0.0,0.67,1.0,1.0,,,0,,,0.0,20.0,17.0
3.589474,0.4944,8.0,1,16.51,100,0.0,0.0,0.0,0.0,0.0,R6 tau_hat (identity),100,,,0.0,20.0,17.0
3.589474,0.4944,8.0,2,16.51,100,0.0,0.0,0.0,0.0,,,0,,,0.0,20.0,17.0
3.589474,0.4944,8.0,3,16.51,100,0.0,0.0,0.0,0.0,,,0,,,0.0,20.0,17.0
3.589474,0.4944,8.0,5,16.51,100,0.0,0.0,0.0,0.0,,,0,,,0.0,20.0,17.0
3.589474,0.4944,8.0,10,16.51,100,0.0,0.0,0.0,0.0,0.0,R2_A tau_arf,100,0.0,0.037,0.0,20.0,17.0
3.589474,0.4944,8.0,20,16.51,100,0.0,0.0,0.0,0.0,,,0,,,0.0,20.0,17.0
3.589474,0.4944,8.0,50,16.51,100,0.0,0.0,0.0,0.0,,,0,,,0.0,20.0,17.0
3.589474,0.4944,15.0,1,30.96,100,0.0,0.16,0.16,0.16,0.16,R6 tau_hat (identity),100,,,0.0,20.0,17.0
3.589474,0.4944,15.0,2,30.96,100,0.0,0.16,0.32,0.2944,,,0,,,0.0,20.0,17.0
3.589474,0.4944,15.0,3,30.96,100,0.0,0.16,0.48,0.407296,,,0,,,0.0,20.0,17.0
3.589474,0.4944,15.0,5,30.96,100,0.0,0.16,0.8,0.581788,,,0,,,0.0,20.0,17.0
3.589474,0.4944,15.0,10,30.96,100,0.0,0.16,1.0,0.825099,0.62,R2_A tau_arf,100,0.5221,0.709,0.0,20.0,17.0
3.589474,0.4944,15.0,20,30.96,100,0.0,0.16,1.0,0.96941,,,0,,,0.0,20.0,17.0
3.589474,0.4944,15.0,50,30.96,100,0.0,0.16,1.0,0.999836,,,0,,,0.0,20.0,17.0
3.589474,0.4944,25.0,1,51.61,100,0.0,0.52,0.52,0.52,0.52,R6 tau_hat (identity),100,,,0.0,20.0,17.0
3.589474,0.4944,25.0,2,51.61,100,0.0,0.52,1.0,0.7696,,,0,,,0.0,20.0,17.0
3.589474,0.4944,25.0,3,51.61,100,0.0,0.52,1.0,0.889408,,,0,,,0.0,20.0,17.0
3.589474,0.4944,25.0,5,51.61,100,0.0,0.52,1.0,0.97452,,,0,,,0.0,20.0,17.0
3.589474,0.4944,25.0,10,51.61,100,0.0,0.52,1.0,0.999351,0.98,R2_A tau_arf,100,0.93,0.9945,0.0,20.0,17.0
3.589474,0.4944,25.0,20,51.61,100,0.0,0.52,1.0,1.0,,,0,,,0.0,20.0,17.0
3.589474,0.4944,25.0,50,51.61,100,0.0,0.52,1.0,1.0,,,0,,,0.0,20.0,17.0
3.589474,0.4944,50.0,1,103.21,100,0.0,0.67,0.67,0.67,0.67,R6 tau_hat (identity),100,,,0.0,20.0,17.0
3.589474,0.4944,50.0,2,103.21,100,0.0,0.67,1.0,0.8911,,,0,,,0.0,20.0,17.0
3.589474,0.4944,50.0,3,103.21,100,0.0,0.67,1.0,0.964063,,,0,,,0.0,20.0,17.0
3.589474,0.4944,50.0,5,103.21,100,0.0,0.67,1.0,0.996086,,,0,,,0.0,20.0,17.0
3.589474,0.4944,50.0,10,103.21,100,0.0,0.67,1.0,0.999985,1.0,R2_A tau_arf,100,0.963,1.0,0.0,20.0,17.0
3.589474,0.4944,50.0,20,103.21,100,0.0,0.67,1.0,1.0,,,0,,,0.0,20.0,17.0
3.589474,0.4944,50.0,50,103.21,100,0.0,0.67,1.0,1.0,,,0,,,0.0,20.0,17.0
3.794737,0.4964,8.0,1,16.45,100,0.0,0.0,0.0,0.0,0.0,R6 tau_hat (identity),100,,,0.0,20.0,17.0
3.794737,0.4964,8.0,2,16.45,100,0.0,0.0,0.0,0.0,,,0,,,0.0,20.0,17.0
3.794737,0.4964,8.0,3,16.45,100,0.0,0.0,0.0,0.0,,,0,,,0.0,20.0,17.0
3.794737,0.4964,8.0,5,16.45,100,0.0,0.0,0.0,0.0,,,0,,,0.0,20.0,17.0
3.794737,0.4964,8.0,10,16.45,100,0.0,0.0,0.0,0.0,0.0,R2_A tau_arf,100,0.0,0.037,0.0,20.0,17.0
3.794737,0.4964,8.0,20,16.45,100,0.0,0.0,0.0,0.0,,,0,,,0.0,20.0,17.0
3.794737,0.4964,8.0,50,16.45,100,0.0,0.0,0.0,0.0,,,0,,,0.0,20.0,17.0
3.794737,0.4964,15.0,1,30.84,100,0.0,0.16,0.16,0.16,0.16,R6 tau_hat (identity),100,,,0.0,20.0,17.0
3.794737,0.4964,15.0,2,30.84,100,0.0,0.16,0.32,0.2944,,,0,,,0.0,20.0,17.0
3.794737,0.4964,15.0,3,30.84,100,0.0,0.16,0.48,0.407296,,,0,,,0.0,20.0,17.0
3.794737,0.4964,15.0,5,30.84,100,0.0,0.16,0.8,0.581788,,,0,,,0.0,20.0,17.0
3.794737,0.4964,15.0,10,30.84,100,0.0,0.16,1.0,0.825099,0.62,R2_A tau_arf,100,0.5221,0.709,0.0,20.0,17.0
3.794737,0.4964,15.0,20,30.84,100,0.0,0.16,1.0,0.96941,,,0,,,0.0,20.0,17.0
3.794737,0.4964,15.0,50,30.84,100,0.0,0.16,1.0,0.999836,,,0,,,0.0,20.0,17.0
3.794737,0.4964,25.0,1,51.4,100,0.0,0.52,0.52,0.52,0.52,R6 tau_hat (identity),100,,,0.0,20.0,17.0
3.794737,0.4964,25.0,2,51.4,100,0.0,0.52,1.0,0.7696,,,0,,,0.0,20.0,17.0
3.794737,0.4964,25.0,3,51.4,100,0.0,0.52,1.0,0.889408,,,0,,,0.0,20.0,17.0
3.794737,0.4964,25.0,5,51.4,100,0.0,0.52,1.0,0.97452,,,0,,,0.0,20.0,17.0
3.794737,0.4964,25.0,10,51.4,100,0.0,0.52,1.0,0.999351,0.98,R2_A tau_arf,100,0.93,0.9945,0.0,20.0,17.0
3.794737,0.4964,25.0,20,51.4,100,0.0,0.52,1.0,1.0,,,0,,,0.0,20.0,17.0
3.794737,0.4964,25.0,50,51.4,100,0.0,0.52,1.0,1.0,,,0,,,0.0,20.0,17.0
3.794737,0.4964,50.0,1,102.81,100,0.0,0.67,0.67,0.67,0.67,R6 tau_hat (identity),100,,,0.0,20.0,17.0
3.794737,0.4964,50.0,2,102.81,100,0.0,0.67,1.0,0.8911,,,0,,,0.0,20.0,17.0
3.794737,0.4964,50.0,3,102.81,100,0.0,0.67,1.0,0.964063,,,0,,,0.0,20.0,17.0
3.794737,0.4964,50.0,5,102.81,100,0.0,0.67,1.0,0.996086,,,0,,,0.0,20.0,17.0
3.794737,0.4964,50.0,10,102.81,100,0.0,0.67,1.0,0.999985,1.0,R2_A tau_arf,100,0.963,1.0,0.0,20.0,17.0
3.794737,0.4964,50.0,20,102.81,100,0.0,0.67,1.0,1.0,,,0,,,0.0,20.0,17.0
3.794737,0.4964,50.0,50,102.81,100,0.0,0.67,1.0,1.0,,,0,,,0.0,20.0,17.0
4.0,0.4977,8.0,1,16.4,100,0.0,0.0,0.0,0.0,0.0,R6 tau_hat (identity),100,,,0.0,20.0,17.0
4.0,0.4977,8.0,2,16.4,100,0.0,0.0,0.0,0.0,,,0,,,0.0,20.0,17.0
4.0,0.4977,8.0,3,16.4,100,0.0,0.0,0.0,0.0,,,0,,,0.0,20.0,17.0
4.0,0.4977,8.0,5,16.4,100,0.0,0.0,0.0,0.0,,,0,,,0.0,20.0,17.0
4.0,0.4977,8.0,10,16.4,100,0.0,0.0,0.0,0.0,0.0,R2_A tau_arf,100,0.0,0.037,0.0,20.0,17.0
4.0,0.4977,8.0,20,16.4,100,0.0,0.0,0.0,0.0,,,0,,,0.0,20.0,17.0
4.0,0.4977,8.0,50,16.4,100,0.0,0.0,0.0,0.0,,,0,,,0.0,20.0,17.0
4.0,0.4977,15.0,1,30.76,100,0.0,0.16,0.16,0.16,0.16,R6 tau_hat (identity),100,,,0.0,20.0,17.0
4.0,0.4977,15.0,2,30.76,100,0.0,0.16,0.32,0.2944,,,0,,,0.0,20.0,17.0
4.0,0.4977,15.0,3,30.76,100,0.0,0.16,0.48,0.407296,,,0,,,0.0,20.0,17.0
4.0,0.4977,15.0,5,30.76,100,0.0,0.16,0.8,0.581788,,,0,,,0.0,20.0,17.0
4.0,0.4977,15.0,10,30.76,100,0.0,0.16,1.0,0.825099,0.62,R2_A tau_arf,100,0.5221,0.709,0.0,20.0,17.0
4.0,0.4977,15.0,20,30.76,100,0.0,0.16,1.0,0.96941,,,0,,,0.0,20.0,17.0
4.0,0.4977,15.0,50,30.76,100,0.0,0.16,1.0,0.999836,,,0,,,0.0,20.0,17.0
4.0,0.4977,25.0,1,51.27,100,0.0,0.52,0.52,0.52,0.52,R6 tau_hat (identity),100,,,0.0,20.0,17.0
4.0,0.4977,25.0,2,51.27,100,0.0,0.52,1.0,0.7696,,,0,,,0.0,20.0,17.0
4.0,0.4977,25.0,3,51.27,100,0.0,0.52,1.0,0.889408,,,0,,,0.0,20.0,17.0
4.0,0.4977,25.0,5,51.27,100,0.0,0.52,1.0,0.97452,,,0,,,0.0,20.0,17.0
4.0,0.4977,25.0,10,51.27,100,0.0,0.52,1.0,0.999351,0.98,R2_A tau_arf,100,0.93,0.9945,0.0,20.0,17.0
4.0,0.4977,25.0,20,51.27,100,0.0,0.52,1.0,1.0,,,0,,,0.0,20.0,17.0
4.0,0.4977,25.0,50,51.27,100,0.0,0.52,1.0,1.0,,,0,,,0.0,20.0,17.0
4.0,0.4977,50.0,1,102.53,100,0.0,0.67,0.67,0.67,0.67,R6 tau_hat (identity),100,,,0.0,20.0,17.0
4.0,0.4977,50.0,2,102.53,100,0.0,0.67,1.0,0.8911,,,0,,,0.0,20.0,17.0
4.0,0.4977,50.0,3,102.53,100,0.0,0.67,1.0,0.964063,,,0,,,0.0,20.0,17.0
4.0,0.4977,50.0,5,102.53,100,0.0,0.67,1.0,0.996086,,,0,,,0.0,20.0,17.0
4.0,0.4977,50.0,10,102.53,100,0.0,0.67,1.0,0.999985,1.0,R2_A tau_arf,100,0.963,1.0,0.0,20.0,17.0
4.0,0.4977,50.0,20,102.53,100,0.0,0.67,1.0,1.0,,,0,,,0.0,20.0,17.0
4.0,0.4977,50.0,50,102.53,100,0.0,0.67,1.0,1.0,,,0,,,0.0,20.0,17.0
